date_month,province,total_posts,joy_mean,sadness_mean,anger_mean,fear_mean,surprise_mean,neutral_mean,joy_std,fear_std,emotional_intensity,dominant_emotion_key,dominant_emotion,dominant_score,reliable
2019-12,上海,30,0.19666666666666666,0.09666666666666666,0.16666666666666666,0.041666666666666664,0.045000000000000005,0.4533333333333333,0.2661777126519868,0.10007181329471329,0.5466666666666666,neutral,中性,0.4533333333333333,True
2019-12,云南,30,0.15666666666666668,0.09666666666666666,0.19833333333333333,0.065,0.060000000000000005,0.4233333333333333,0.1959650449712262,0.11901173515014507,0.5766666666666667,neutral,中性,0.4233333333333333,True
2019-12,内蒙古,17,0.15294117647058825,0.03823529411764706,0.20882352941176469,0.047058823529411764,0.11176470588235295,0.4411764705882353,0.20346267181851665,0.07174300539794393,0.5588235294117647,neutral,中性,0.4411764705882353,False
2019-12,北京,30,0.14833333333333334,0.06833333333333334,0.15333333333333332,0.028333333333333332,0.10166666666666666,0.5,0.27745249153228246,0.06908681861069539,0.5,neutral,中性,0.5,True
2019-12,台湾,8,0.25,0.075,0.16875,0.018750000000000003,0.11875000000000001,0.36875,0.20701966780270625,0.03720119045714225,0.63125,neutral,中性,0.36875,False
2019-12,吉林,21,0.1619047619047619,0.10238095238095238,0.18095238095238095,0.05714285714285714,0.047619047619047616,0.44999999999999996,0.2553941864573085,0.11212238211627763,0.5499999999999999,neutral,中性,0.44999999999999996,False
2019-12,四川,30,0.13333333333333333,0.030000000000000002,0.165,0.041666666666666664,0.055,0.575,0.236837399966704,0.07320652568110887,0.42500000000000004,neutral,中性,0.575,True
2019-12,天津,21,0.2,0.02619047619047619,0.2690476190476191,0.009523809523809525,0.06666666666666668,0.42857142857142855,0.282842712474619,0.030079260375911923,0.5714285714285714,neutral,中性,0.42857142857142855,False
2019-12,宁夏,5,0.13,0.0,0.32,0.0,0.06000000000000001,0.48999999999999994,0.26362852652928137,0.0,0.51,neutral,中性,0.48999999999999994,False
2019-12,安徽,30,0.15333333333333335,0.030000000000000002,0.2,0.07,0.10833333333333334,0.43833333333333335,0.22047493146001623,0.15063085730491543,0.5616666666666668,neutral,中性,0.43833333333333335,True
2019-12,山东,30,0.16166666666666665,0.04,0.14333333333333334,0.051666666666666666,0.058333333333333334,0.545,0.22882131763080737,0.166341637090312,0.45499999999999996,neutral,中性,0.545,True
2019-12,山西,22,0.17045454545454544,0.04772727272727273,0.06818181818181818,0.031818181818181815,0.04772727272727273,0.634090909090909,0.2617064380947854,0.1129111055163209,0.36590909090909096,neutral,中性,0.634090909090909,False
2019-12,广东,30,0.20166666666666666,0.021666666666666667,0.14333333333333334,0.010000000000000002,0.07666666666666667,0.5466666666666666,0.28991179792259686,0.03051285766293647,0.45333333333333337,neutral,中性,0.5466666666666666,True
2019-12,广西,28,0.26142857142857145,0.047142857142857146,0.1392857142857143,0.021428571428571432,0.06642857142857142,0.4642857142857143,0.33839177695238803,0.03950755068144014,0.5357142857142858,neutral,中性,0.4642857142857143,False
2019-12,新疆,11,0.2,0.045454545454545456,0.07727272727272728,0.004545454545454546,0.08181818181818182,0.5909090909090909,0.24186773244895646,0.01507556722888818,0.40909090909090906,neutral,中性,0.5909090909090909,False
2019-12,江苏,30,0.235,0.04666666666666666,0.115,0.03166666666666666,0.10666666666666667,0.465,0.2924775263986549,0.07007795331079444,0.5350000000000001,neutral,中性,0.465,True
2019-12,江西,17,0.23235294117647057,0.06176470588235293,0.011764705882352941,0.01764705882352941,0.07941176470588236,0.5970588235294118,0.2973535230110093,0.04308848624701062,0.40294117647058836,neutral,中性,0.5970588235294118,False
2019-12,河北,30,0.18666666666666665,0.08333333333333333,0.18833333333333335,0.018333333333333333,0.030000000000000002,0.49333333333333335,0.28615565252369973,0.035919770114206905,0.5066666666666666,neutral,中性,0.49333333333333335,True
2019-12,河南,30,0.21333333333333332,0.08,0.07,0.04666666666666666,0.075,0.515,0.3034097415449408,0.09643054793328017,0.485,neutral,中性,0.515,True
2019-12,浙江,30,0.18333333333333332,0.06333333333333334,0.13,0.06833333333333334,0.055,0.5,0.28294429003669225,0.1744366960233432,0.5,neutral,中性,0.5,True
2019-12,海南,8,0.075,0.0375,0.25,0.0,0.125,0.5125,0.1752549163769328,0.0,0.48750000000000004,neutral,中性,0.5125,False
2019-12,湖北,30,0.10666666666666667,0.07833333333333334,0.07,0.17333333333333334,0.041666666666666664,0.53,0.20541519490741328,0.26054761075715965,0.47,neutral,中性,0.53,True
2019-12,湖南,30,0.18666666666666668,0.051666666666666666,0.09666666666666666,0.030000000000000002,0.065,0.5700000000000001,0.2831270378120569,0.08570196955850487,0.43000000000000005,neutral,中性,0.5700000000000001,True
2019-12,澳门,4,0.0,0.16249999999999998,0.6125,0.025,0.07500000000000001,0.125,0.0,0.05,0.875,anger,愤怒,0.6125,False
2019-12,甘肃,21,0.051428571428571435,0.08571428571428572,0.12666666666666668,0.05714285714285714,0.07571428571428572,0.6033333333333333,0.17424941073890937,0.12243948942816028,0.3966666666666667,neutral,中性,0.6033333333333333,False
2019-12,福建,30,0.15166666666666667,0.03166666666666666,0.12000000000000001,0.021666666666666667,0.058333333333333334,0.6166666666666667,0.29109879035668706,0.04676303678329074,0.3833333333333334,neutral,中性,0.6166666666666667,True
2019-12,西藏,3,0.03333333333333333,0.0,0.25,0.0,0.05000000000000001,0.6666666666666666,0.05773502691896258,0.0,0.33333333333333337,neutral,中性,0.6666666666666666,False
2019-12,贵州,13,0.2692307692307692,0.05384615384615384,0.015384615384615385,0.04615384615384615,0.11923076923076924,0.49615384615384617,0.34972516682059407,0.13913653136029502,0.5038461538461538,neutral,中性,0.49615384615384617,False
2019-12,辽宁,30,0.13733333333333334,0.06833333333333333,0.2033333333333333,0.01566666666666667,0.043666666666666666,0.5316666666666666,0.2803683947623362,0.04376136962281194,0.4683333333333334,neutral,中性,0.5316666666666666,True
2019-12,重庆,24,0.1729166666666667,0.07083333333333333,0.1875,0.008333333333333333,0.07,0.49041666666666667,0.20375772413562027,0.02407717061715384,0.5095833333333333,neutral,中性,0.49041666666666667,False
2019-12,陕西,30,0.19666666666666668,0.03166666666666667,0.175,0.02333333333333333,0.051666666666666666,0.5216666666666667,0.32428524409881787,0.06789105539243627,0.4783333333333333,neutral,中性,0.5216666666666667,True
2019-12,青海,5,0.18,0.06,0.04,0.04,0.02,0.6599999999999999,0.24899799195977468,0.05477225575051661,0.3400000000000001,neutral,中性,0.6599999999999999,False
2019-12,香港,11,0.21818181818181817,0.02727272727272728,0.06363636363636363,0.009090909090909092,0.07727272727272728,0.6045454545454546,0.2900626891490245,0.03015113445777636,0.3954545454545455,neutral,中性,0.6045454545454546,False
2019-12,黑龙江,17,0.33529411764705885,0.06470588235294118,0.15588235294117647,0.03235294117647059,0.04411764705882353,0.36764705882352944,0.34765495910203165,0.058473221623738365,0.6323529411764706,neutral,中性,0.36764705882352944,False
2020-01,上海,30,0.26833333333333337,0.10066666666666667,0.06833333333333334,0.10366666666666666,0.027333333333333334,0.4316666666666667,0.324697029428266,0.1890900776647584,0.5683333333333334,neutral,中性,0.4316666666666667,True
2020-01,云南,30,0.215,0.07333333333333333,0.075,0.06266666666666666,0.06066666666666667,0.5133333333333333,0.3079828701013452,0.14088227742322318,0.4866666666666667,neutral,中性,0.5133333333333333,True
2020-01,内蒙古,30,0.28500000000000003,0.06666666666666667,0.115,0.013333333333333334,0.055,0.46499999999999997,0.3200619552093216,0.04138409933973337,0.5350000000000001,neutral,中性,0.46499999999999997,True
2020-01,北京,30,0.24333333333333332,0.11666666666666667,0.12166666666666666,0.065,0.043333333333333335,0.41000000000000003,0.28939095776610163,0.13718223469983779,0.5900000000000001,neutral,中性,0.41000000000000003,True
2020-01,台湾,28,0.24107142857142858,0.10357142857142858,0.06428571428571428,0.060714285714285714,0.05178571428571429,0.4785714285714286,0.24909226738692167,0.152362350055011,0.5214285714285715,neutral,中性,0.4785714285714286,False
2020-01,吉林,30,0.19166666666666668,0.11733333333333333,0.07666666666666666,0.051000000000000004,0.04666666666666667,0.5166666666666667,0.24673150747646558,0.08667617100847069,0.4833333333333333,neutral,中性,0.5166666666666667,True
2020-01,四川,30,0.27166666666666667,0.10833333333333334,0.07333333333333333,0.06666666666666667,0.06666666666666667,0.41333333333333333,0.3134027191455366,0.10449660391555823,0.5866666666666668,neutral,中性,0.41333333333333333,True
2020-01,天津,30,0.23,0.11166666666666666,0.11166666666666666,0.05366666666666666,0.028000000000000004,0.46499999999999997,0.2905405188669014,0.1118645527453605,0.5349999999999999,neutral,中性,0.46499999999999997,True
2020-01,宁夏,23,0.2326086956521739,0.10217391304347827,0.07608695652173914,0.058695652173913045,0.041304347826086954,0.4891304347826087,0.2921739424524736,0.10296973729411459,0.5108695652173914,neutral,中性,0.4891304347826087,False
2020-01,安徽,30,0.26666666666666666,0.145,0.08166666666666668,0.07,0.043333333333333335,0.39333333333333337,0.2841603885779677,0.09965457582448796,0.6066666666666666,neutral,中性,0.39333333333333337,True
2020-01,山东,30,0.22,0.04833333333333334,0.04833333333333333,0.03833333333333333,0.030000000000000002,0.615,0.2929045978612761,0.09620679355657157,0.3850000000000001,neutral,中性,0.615,True
2020-01,山西,30,0.22833333333333333,0.09833333333333334,0.07166666666666667,0.04666666666666666,0.06333333333333334,0.49166666666666664,0.3058857498381103,0.11442007701006193,0.5083333333333333,neutral,中性,0.49166666666666664,True
2020-01,广东,30,0.205,0.07166666666666667,0.04333333333333333,0.10333333333333333,0.04000000000000001,0.5366666666666667,0.25473109553896783,0.18426617429280323,0.46333333333333326,neutral,中性,0.5366666666666667,True
2020-01,广西,30,0.3,0.08166666666666668,0.06333333333333334,0.08666666666666667,0.04666666666666667,0.4216666666666667,0.2936101097573517,0.17710961603468633,0.5783333333333333,neutral,中性,0.4216666666666667,True
2020-01,新疆,30,0.2733333333333333,0.025,0.07666666666666666,0.07166666666666667,0.04833333333333333,0.505,0.28879456167070516,0.1436490775162318,0.495,neutral,中性,0.505,True
2020-01,江苏,30,0.3283333333333333,0.06333333333333332,0.02333333333333333,0.02666666666666667,0.02666666666666667,0.5316666666666666,0.27906349955092513,0.05832922809856747,0.46833333333333327,neutral,中性,0.5316666666666666,True
2020-01,江西,30,0.36333333333333334,0.08,0.04,0.04666666666666666,0.035,0.435,0.2870580060729446,0.10742546199601598,0.565,neutral,中性,0.435,True
2020-01,河北,30,0.365,0.04833333333333333,0.05333333333333334,0.03166666666666667,0.018333333333333333,0.48333333333333334,0.305453309260075,0.08558453507309695,0.5166666666666666,neutral,中性,0.48333333333333334,True
2020-01,河南,30,0.26999999999999996,0.07833333333333334,0.11,0.06333333333333332,0.041666666666666664,0.43666666666666665,0.2796549598196394,0.1389203029607719,0.5633333333333332,neutral,中性,0.43666666666666665,True
2020-01,浙江,30,0.2916666666666667,0.07666666666666666,0.075,0.055,0.051666666666666666,0.45,0.2719924356622281,0.1154824960613154,0.55,neutral,中性,0.45,True
2020-01,海南,30,0.23166666666666666,0.12166666666666666,0.07666666666666666,0.05500000000000001,0.041666666666666664,0.47333333333333333,0.28991179792259686,0.07582875444051551,0.5266666666666666,neutral,中性,0.47333333333333333,True
2020-01,湖北,30,0.2866666666666667,0.14,0.028333333333333332,0.08,0.03666666666666667,0.42833333333333334,0.2828223925843327,0.13871329896713158,0.5716666666666665,neutral,中性,0.42833333333333334,True
2020-01,湖南,30,0.235,0.058333333333333334,0.10833333333333334,0.023333333333333334,0.03333333333333333,0.5416666666666666,0.2583602136552762,0.05371273099800799,0.45833333333333337,neutral,中性,0.5416666666666666,True
2020-01,澳门,11,0.17272727272727273,0.045454545454545456,0.09090909090909091,0.05454545454545454,0.004545454545454546,0.6318181818181818,0.26111648393354675,0.15075567228888181,0.36818181818181817,neutral,中性,0.6318181818181818,False
2020-01,甘肃,30,0.21833333333333332,0.1,0.08,0.015000000000000001,0.05,0.5366666666666667,0.21714580090477162,0.05110840405957949,0.46333333333333326,neutral,中性,0.5366666666666667,True
2020-01,福建,30,0.3433333333333334,0.09666666666666668,0.08333333333333333,0.043333333333333335,0.051666666666666666,0.3816666666666667,0.2787698758441466,0.08683449709106095,0.6183333333333333,neutral,中性,0.3816666666666667,True
2020-01,西藏,16,0.289375,0.055,0.05,0.075,0.061875,0.46875,0.25769410160110373,0.11832159566199232,0.53125,neutral,中性,0.46875,False
2020-01,贵州,30,0.2783333333333333,0.07833333333333334,0.065,0.07333333333333332,0.03666666666666667,0.4683333333333334,0.29145394541651104,0.1529780992514115,0.5316666666666666,neutral,中性,0.4683333333333334,True
2020-01,辽宁,30,0.16,0.12166666666666666,0.1,0.09166666666666666,0.043333333333333335,0.48333333333333334,0.23975562270922796,0.13070322617798436,0.5166666666666667,neutral,中性,0.48333333333333334,True
2020-01,重庆,30,0.32,0.095,0.08333333333333333,0.043333333333333335,0.051666666666666666,0.4066666666666666,0.2878577234772714,0.07159913953120664,0.5933333333333333,neutral,中性,0.4066666666666666,True
2020-01,陕西,30,0.3333333333333333,0.18333333333333332,0.095,0.051666666666666666,0.05,0.2866666666666667,0.30209993018220305,0.1012706627135262,0.7133333333333334,joy,喜悦,0.3333333333333333,True
2020-01,青海,12,0.2916666666666667,0.09999999999999999,0.12916666666666665,0.025000000000000005,0.0375,0.4166666666666667,0.3423404295390331,0.02611164839335468,0.5833333333333333,neutral,中性,0.4166666666666667,False
2020-01,香港,27,0.23703703703703705,0.1388888888888889,0.1037037037037037,0.03518518518518519,0.044444444444444446,0.44074074074074077,0.2733666854782139,0.10267088458424102,0.5592592592592591,neutral,中性,0.44074074074074077,False
2020-01,黑龙江,30,0.245,0.10166666666666667,0.04666666666666666,0.07,0.06166666666666667,0.475,0.2983720195812025,0.12077336998093464,0.525,neutral,中性,0.475,True
2020-02,上海,30,0.25,0.08333333333333333,0.11666666666666667,0.05,0.095,0.405,0.2944896227900645,0.08709883407113855,0.595,neutral,中性,0.405,True
2020-02,云南,30,0.3,0.06833333333333334,0.058333333333333334,0.025,0.08,0.4683333333333334,0.3062565973955106,0.06262917685155577,0.5316666666666667,neutral,中性,0.4683333333333334,True
2020-02,内蒙古,30,0.24333333333333332,0.08333333333333333,0.10666666666666667,0.010000000000000002,0.060000000000000005,0.4966666666666667,0.23879486700041758,0.027543069720987395,0.5033333333333333,neutral,中性,0.4966666666666667,True
2020-02,北京,33,0.3212121212121212,0.04393939393939394,0.046969696969696974,0.010606060606060607,0.06363636363636364,0.5136363636363637,0.2758595382590293,0.03904639819652015,0.48636363636363633,neutral,中性,0.5136363636363637,True
2020-02,台湾,22,0.40454545454545454,0.08863636363636364,0.04318181818181818,0.020454545454545454,0.03863636363636364,0.40454545454545454,0.33306266066723234,0.03981831030440438,0.5954545454545455,joy,喜悦,0.40454545454545454,False
2020-02,吉林,30,0.305,0.12000000000000001,0.051666666666666666,0.018333333333333333,0.028333333333333335,0.4766666666666667,0.3012474066278414,0.046392874997942445,0.5233333333333333,neutral,中性,0.4766666666666667,True
2020-02,四川,30,0.33166666666666667,0.105,0.09000000000000001,0.035,0.04,0.3983333333333333,0.32496242046218776,0.07445202111612459,0.6016666666666668,neutral,中性,0.3983333333333333,True
2020-02,天津,30,0.3766666666666667,0.041666666666666664,0.09000000000000001,0.02333333333333333,0.04,0.42833333333333334,0.32872096261779205,0.09259974429596532,0.5716666666666665,neutral,中性,0.42833333333333334,True
2020-02,宁夏,22,0.3022727272727273,0.056818181818181816,0.045454545454545456,0.018181818181818184,0.03181818181818182,0.5454545454545454,0.26747375159482056,0.05884898863364997,0.4545454545454545,neutral,中性,0.5454545454545454,False
2020-02,安徽,30,0.22833333333333333,0.08833333333333333,0.13,0.020000000000000004,0.10333333333333333,0.43,0.2514383907994483,0.05508613944197478,0.5700000000000001,neutral,中性,0.43,True
2020-02,山东,30,0.30666666666666664,0.16833333333333333,0.08499999999999999,0.03333333333333333,0.02666666666666667,0.38,0.3117617717085444,0.0949894125981792,0.62,neutral,中性,0.38,True
2020-02,山西,30,0.36166666666666664,0.08166666666666668,0.013333333333333334,0.021666666666666667,0.04000000000000001,0.48166666666666663,0.2724990772946521,0.03869271813638335,0.5183333333333333,neutral,中性,0.48166666666666663,True
2020-02,广东,40,0.32625000000000004,0.09375,0.0725,0.041249999999999995,0.035,0.43125,0.317439172449035,0.11923232008916941,0.56875,neutral,中性,0.43125,True
2020-02,广西,30,0.4116666666666667,0.058333333333333334,0.10666666666666667,0.028333333333333332,0.07833333333333334,0.31666666666666665,0.32208462513309516,0.09347997511299645,0.6833333333333333,joy,喜悦,0.4116666666666667,True
2020-02,新疆,30,0.31,0.08666666666666667,0.14333333333333334,0.010000000000000002,0.043333333333333335,0.4066666666666666,0.2983864654414149,0.040257789993644884,0.5933333333333333,neutral,中性,0.4066666666666666,True
2020-02,江苏,30,0.24000000000000002,0.095,0.09000000000000001,0.05666666666666667,0.035,0.48333333333333334,0.2783572499876546,0.14003283687156684,0.5166666666666666,neutral,中性,0.48333333333333334,True
2020-02,江西,30,0.255,0.10833333333333334,0.12166666666666666,0.03833333333333333,0.04666666666666667,0.43,0.29224163360786415,0.08271610497955344,0.5700000000000001,neutral,中性,0.43,True
2020-02,河北,30,0.35,0.12000000000000001,0.05,0.02666666666666667,0.060000000000000005,0.39333333333333337,0.29624081536759106,0.059788900672935616,0.6066666666666667,neutral,中性,0.39333333333333337,True
2020-02,河南,30,0.4166666666666667,0.05333333333333334,0.056666666666666664,0.03333333333333333,0.06166666666666667,0.3783333333333333,0.30522273758720836,0.0844182254113956,0.6216666666666668,joy,喜悦,0.4166666666666667,True
2020-02,浙江,30,0.28,0.17666666666666667,0.19333333333333333,0.041666666666666664,0.07833333333333334,0.23,0.3188340828923299,0.08416254115301731,0.77,joy,喜悦,0.28,True
2020-02,海南,30,0.41833333333333333,0.08333333333333333,0.060000000000000005,0.018333333333333333,0.035,0.385,0.2611259880004198,0.053309980519490964,0.615,joy,喜悦,0.41833333333333333,True
2020-02,湖北,30,0.2916666666666667,0.18333333333333332,0.09166666666666666,0.060000000000000005,0.04000000000000001,0.3333333333333333,0.2912764220169365,0.11846722229638328,0.6666666666666666,neutral,中性,0.3333333333333333,True
2020-02,湖南,30,0.312,0.11533333333333333,0.03866666666666666,0.034666666666666665,0.08433333333333334,0.415,0.2686030271737393,0.06015688302025499,0.585,neutral,中性,0.415,True
2020-02,澳门,12,0.3416666666666666,0.13583333333333333,0.020833333333333332,0.02666666666666667,0.06666666666666667,0.4083333333333334,0.3088345639315455,0.04458563432181702,0.5916666666666668,neutral,中性,0.4083333333333334,False
2020-02,甘肃,30,0.44666666666666666,0.07166666666666667,0.06666666666666667,0.02666666666666667,0.02,0.36833333333333335,0.31264536848765506,0.07396799556440672,0.6316666666666666,joy,喜悦,0.44666666666666666,True
2020-02,福建,30,0.30833333333333335,0.075,0.10166666666666666,0.03166666666666667,0.05666666666666667,0.4266666666666667,0.28195234781214645,0.05645158641876597,0.5733333333333333,neutral,中性,0.4266666666666667,True
2020-02,西藏,11,0.3181818181818182,0.07272727272727274,0.1,0.009090909090909092,0.02727272727272727,0.4727272727272727,0.3341202831861059,0.03015113445777637,0.5272727272727273,neutral,中性,0.4727272727272727,False
2020-02,贵州,30,0.3516666666666667,0.08,0.07,0.013333333333333334,0.045000000000000005,0.44000000000000006,0.25947006117022087,0.034574590364176046,0.56,neutral,中性,0.44000000000000006,True
2020-02,辽宁,30,0.2966666666666667,0.14333333333333334,0.145,0.03166666666666667,0.06166666666666667,0.32166666666666666,0.31429541707667685,0.04251436538827572,0.6783333333333333,neutral,中性,0.32166666666666666,True
2020-02,重庆,30,0.26,0.095,0.13499999999999998,0.025,0.045000000000000005,0.44000000000000006,0.31606415760749895,0.045009577524850394,0.5599999999999999,neutral,中性,0.44000000000000006,True
2020-02,陕西,30,0.22000000000000003,0.16833333333333333,0.12166666666666666,0.04,0.03833333333333333,0.4116666666666667,0.2771778963173228,0.08345967434263875,0.5883333333333333,neutral,中性,0.4116666666666667,True
2020-02,青海,12,0.45416666666666666,0.049999999999999996,0.016666666666666666,0.012500000000000002,0.008333333333333333,0.4583333333333333,0.3394235309069384,0.031079078025403054,0.5416666666666667,neutral,中性,0.4583333333333333,False
2020-02,香港,30,0.32,0.035,0.07833333333333332,0.018333333333333333,0.02666666666666667,0.5216666666666667,0.31282913701494824,0.053309980519490964,0.4783333333333333,neutral,中性,0.5216666666666667,True
2020-02,黑龙江,30,0.405,0.056666666666666664,0.05333333333333334,0.03333333333333333,0.051666666666666666,0.4,0.28718310871469177,0.11472105098991155,0.6,joy,喜悦,0.405,True
2020-03,上海,30,0.42,0.05,0.06833333333333333,0.02666666666666667,0.095,0.34,0.3174792960938963,0.08276819867946675,0.66,joy,喜悦,0.42,True
2020-03,云南,30,0.35666666666666663,0.03666666666666667,0.07833333333333332,0.010000000000000002,0.043333333333333335,0.475,0.3255587592849045,0.03051285766293647,0.525,neutral,中性,0.475,True
2020-03,内蒙古,30,0.21833333333333332,0.07333333333333333,0.105,0.045000000000000005,0.021666666666666667,0.5366666666666667,0.2925757589285956,0.11013314825622478,0.46333333333333326,neutral,中性,0.5366666666666667,True
2020-03,北京,33,0.19696969696969696,0.09393939393939395,0.18181818181818182,0.04393939393939394,0.06818181818181818,0.4151515151515151,0.27355855004556207,0.10289373747765805,0.5848484848484848,neutral,中性,0.4151515151515151,True
2020-03,台湾,25,0.314,0.064,0.064,0.092,0.096,0.37,0.3289883483245772,0.21393145319626722,0.63,neutral,中性,0.37,False
2020-03,吉林,30,0.36166666666666664,0.03166666666666666,0.056666666666666664,0.006666666666666667,0.07166666666666668,0.4716666666666667,0.3106398661420997,0.02856732318616829,0.5283333333333333,neutral,中性,0.4716666666666667,True
2020-03,四川,30,0.33,0.07833333333333334,0.06333333333333332,0.02333333333333333,0.08833333333333333,0.4166666666666667,0.2993095502929229,0.061213776527687044,0.5833333333333334,neutral,中性,0.4166666666666667,True
2020-03,天津,30,0.29900000000000004,0.05333333333333334,0.12633333333333333,0.005333333333333333,0.06766666666666668,0.4483333333333333,0.3269962564374979,0.015252661346824676,0.5516666666666666,neutral,中性,0.4483333333333333,True
2020-03,宁夏,30,0.2866666666666667,0.05266666666666667,0.06733333333333333,0.05333333333333334,0.041666666666666664,0.4983333333333333,0.34539665686672855,0.13386388695195228,0.5016666666666667,neutral,中性,0.4983333333333333,True
2020-03,安徽,30,0.2833333333333333,0.04666666666666667,0.07,0.02666666666666667,0.08666666666666667,0.48666666666666664,0.3085933976245624,0.07396799556440672,0.5133333333333334,neutral,中性,0.48666666666666664,True
2020-03,山东,30,0.26666666666666666,0.07333333333333333,0.10833333333333334,0.03333333333333333,0.05500000000000001,0.4633333333333333,0.3333045964624378,0.09942362632324557,0.5366666666666666,neutral,中性,0.4633333333333333,True
2020-03,山西,30,0.36833333333333335,0.04666666666666666,0.10333333333333333,0.006666666666666667,0.05333333333333334,0.4216666666666667,0.38067166894875415,0.021708624272765237,0.5783333333333334,neutral,中性,0.4216666666666667,True
2020-03,广东,30,0.22833333333333333,0.115,0.16,0.06666666666666667,0.043333333333333335,0.38666666666666666,0.31174794563749,0.13412123525798006,0.6133333333333333,neutral,中性,0.38666666666666666,True
2020-03,广西,30,0.33166666666666667,0.09666666666666666,0.095,0.03333333333333333,0.06833333333333333,0.375,0.3185320135844448,0.08129695813681377,0.625,neutral,中性,0.375,True
2020-03,新疆,30,0.2983333333333333,0.08333333333333333,0.051666666666666666,0.025,0.08333333333333333,0.4583333333333333,0.2995638592139019,0.07740400060943121,0.5416666666666667,neutral,中性,0.4583333333333333,True
2020-03,江苏,30,0.35500000000000004,0.06666666666666667,0.02666666666666667,0.035,0.07,0.44666666666666666,0.30437896071203396,0.09926453684907853,0.5533333333333333,neutral,中性,0.44666666666666666,True
2020-03,江西,30,0.41833333333333333,0.07333333333333333,0.051666666666666666,0.008333333333333333,0.045000000000000005,0.4033333333333333,0.28871992553736026,0.03238596261828022,0.5966666666666667,joy,喜悦,0.41833333333333333,True
2020-03,河北,30,0.3183333333333333,0.08833333333333333,0.1,0.030000000000000002,0.058333333333333334,0.405,0.31907283065840597,0.09059192321462294,0.595,neutral,中性,0.405,True
2020-03,河南,30,0.33,0.043333333333333335,0.05,0.016666666666666666,0.03666666666666667,0.5233333333333333,0.28149845347771424,0.03790490217894516,0.4766666666666667,neutral,中性,0.5233333333333333,True
2020-03,浙江,30,0.36666666666666664,0.10666666666666667,0.08333333333333333,0.03333333333333333,0.06333333333333334,0.3466666666666667,0.33174910891269593,0.09498941259817921,0.6533333333333333,joy,喜悦,0.36666666666666664,True
2020-03,海南,30,0.3233333333333333,0.07333333333333333,0.11166666666666666,0.020000000000000004,0.065,0.4066666666666666,0.3050532269364935,0.04842341981115024,0.5933333333333333,neutral,中性,0.4066666666666666,True
2020-03,湖北,30,0.3516666666666667,0.065,0.051666666666666666,0.023333333333333334,0.05333333333333334,0.455,0.31307246416140133,0.05529440536227708,0.5449999999999999,neutral,中性,0.455,True
2020-03,湖南,30,0.295,0.12333333333333332,0.08,0.018333333333333333,0.04833333333333334,0.435,0.30915624885629683,0.054903258701938205,0.565,neutral,中性,0.435,True
2020-03,澳门,4,0.05,0.15,0.48750000000000004,0.15,0.075,0.08750000000000001,0.1,0.30000000000000004,0.9125,anger,愤怒,0.48750000000000004,False
2020-03,甘肃,30,0.25666666666666665,0.08,0.05166666666666666,0.05,0.04,0.5216666666666667,0.30618152530285303,0.13833991121322425,0.4783333333333333,neutral,中性,0.5216666666666667,True
2020-03,福建,30,0.3516666666666666,0.08,0.07833333333333332,0.03666666666666667,0.06666666666666667,0.38666666666666666,0.30919342605017275,0.10661996103898193,0.6133333333333333,neutral,中性,0.38666666666666666,True
2020-03,西藏,20,0.47000000000000003,0.0975,0.12,0.01,0.0975,0.20500000000000002,0.3341918768107863,0.03077935056255462,0.795,joy,喜悦,0.47000000000000003,False
2020-03,贵州,30,0.36166666666666664,0.10733333333333334,0.10166666666666666,0.045000000000000005,0.046000000000000006,0.3383333333333333,0.3161414276852222,0.12481020073253848,0.6616666666666667,joy,喜悦,0.36166666666666664,True
2020-03,辽宁,30,0.23099999999999998,0.10333333333333333,0.149,0.025,0.08666666666666667,0.405,0.2947863048332493,0.06791221514217631,0.595,neutral,中性,0.405,True
2020-03,重庆,30,0.36666666666666664,0.095,0.10166666666666666,0.011666666666666667,0.10166666666666667,0.32333333333333336,0.27553500726747054,0.028416038857796776,0.6766666666666666,joy,喜悦,0.36666666666666664,True
2020-03,陕西,30,0.24833333333333335,0.11333333333333333,0.10833333333333334,0.006666666666666667,0.08333333333333333,0.44,0.29579913190674106,0.025370813170246243,0.5599999999999999,neutral,中性,0.44,True
2020-03,青海,13,0.3423076923076923,0.04615384615384616,0.08461538461538462,0.02307692307692308,0.07307692307692308,0.43076923076923074,0.34024877776302265,0.059914468951527806,0.5692307692307692,neutral,中性,0.43076923076923074,False
2020-03,香港,30,0.17666666666666667,0.10333333333333333,0.16999999999999998,0.03333333333333333,0.07666666666666666,0.44,0.2854921139478931,0.06477192523656045,0.56,neutral,中性,0.44,True
2020-03,黑龙江,30,0.2983333333333333,0.095,0.10333333333333333,0.013333333333333334,0.08833333333333333,0.40166666666666667,0.29521568191844877,0.03924576263824505,0.5983333333333334,neutral,中性,0.40166666666666667,True
2020-04,上海,30,0.27666666666666667,0.15833333333333333,0.125,0.03833333333333333,0.07333333333333333,0.3283333333333333,0.32767028564084666,0.09620679355657158,0.6716666666666666,neutral,中性,0.3283333333333333,True
2020-04,云南,30,0.175,0.24833333333333335,0.08166666666666668,0.03833333333333333,0.07,0.38666666666666666,0.24731314785803096,0.10560444522166057,0.6133333333333333,neutral,中性,0.38666666666666666,True
2020-04,内蒙古,30,0.3516666666666667,0.13499999999999998,0.04333333333333333,0.0,0.051666666666666666,0.41833333333333333,0.30498256969225623,0.0,0.5816666666666667,neutral,中性,0.41833333333333333,True
2020-04,北京,40,0.2525,0.11374999999999999,0.11750000000000001,0.025,0.052500000000000005,0.43875000000000003,0.31864094413940475,0.07925939239012171,0.56125,neutral,中性,0.43875000000000003,True
2020-04,台湾,30,0.22333333333333333,0.169,0.109,0.05,0.052000000000000005,0.39666666666666667,0.2737773237295334,0.12730630994465333,0.6033333333333333,neutral,中性,0.39666666666666667,True
2020-04,吉林,30,0.27666666666666667,0.16666666666666666,0.06833333333333333,0.02666666666666667,0.055,0.4066666666666666,0.31805804429416634,0.06260623155792927,0.5933333333333334,neutral,中性,0.4066666666666666,True
2020-04,四川,30,0.2033333333333333,0.21833333333333332,0.09666666666666666,0.035,0.060000000000000005,0.38666666666666666,0.2965122935560768,0.07673285498717454,0.6133333333333334,neutral,中性,0.38666666666666666,True
2020-04,天津,30,0.24666666666666667,0.26,0.12333333333333334,0.020000000000000004,0.056666666666666664,0.29333333333333333,0.3319049857116188,0.05508613944197478,0.7066666666666668,neutral,中性,0.29333333333333333,True
2020-04,宁夏,20,0.32999999999999996,0.2,0.02,0.05499999999999999,0.0475,0.34750000000000003,0.33849512163164336,0.14680814547887786,0.6525000000000001,neutral,中性,0.34750000000000003,False
2020-04,安徽,30,0.24666666666666667,0.08833333333333333,0.08499999999999999,0.016666666666666666,0.035,0.5283333333333333,0.3385907236781887,0.04420433223684922,0.4716666666666668,neutral,中性,0.5283333333333333,True
2020-04,山东,30,0.19833333333333333,0.185,0.09000000000000001,0.035,0.065,0.4266666666666667,0.26796916103232443,0.07673285498717454,0.5733333333333333,neutral,中性,0.4266666666666667,True
2020-04,山西,30,0.27166666666666667,0.18333333333333332,0.08,0.006666666666666667,0.065,0.39333333333333337,0.29990899002672555,0.025370813170246247,0.6066666666666666,neutral,中性,0.39333333333333337,True
2020-04,广东,41,0.23658536585365852,0.2707317073170732,0.11341463414634147,0.025609756097560978,0.05731707317073171,0.29634146341463413,0.2904789988630637,0.08596652780262223,0.7036585365853658,neutral,中性,0.29634146341463413,True
2020-04,广西,30,0.3,0.19,0.13333333333333333,0.008333333333333333,0.05500000000000001,0.31333333333333335,0.29942473580817114,0.03733199915514223,0.6866666666666668,neutral,中性,0.31333333333333335,True
2020-04,新疆,30,0.21333333333333335,0.12333333333333334,0.08833333333333333,0.018333333333333333,0.05333333333333334,0.5033333333333333,0.2779026539230442,0.03074739499291891,0.4966666666666667,neutral,中性,0.5033333333333333,True
2020-04,江苏,30,0.24666666666666665,0.18333333333333332,0.07666666666666666,0.011666666666666665,0.075,0.4066666666666666,0.332683274180624,0.036396602089730314,0.5933333333333334,neutral,中性,0.4066666666666666,True
2020-04,江西,30,0.18166666666666667,0.17666666666666667,0.16833333333333333,0.05333333333333334,0.06333333333333334,0.35666666666666663,0.2634267984866375,0.11366415543118707,0.6433333333333333,neutral,中性,0.35666666666666663,True
2020-04,河北,30,0.20666666666666667,0.215,0.13,0.03333333333333333,0.016666666666666666,0.3983333333333333,0.2815392829004364,0.11472105098991156,0.6016666666666668,neutral,中性,0.3983333333333333,True
2020-04,河南,30,0.22666666666666666,0.16999999999999998,0.06666666666666667,0.03833333333333333,0.06166666666666667,0.43666666666666665,0.28518999514943244,0.09620679355657157,0.5633333333333334,neutral,中性,0.43666666666666665,True
2020-04,浙江,30,0.3333333333333333,0.155,0.09333333333333332,0.030000000000000002,0.051666666666666666,0.33666666666666667,0.32571759857733895,0.08670202638526014,0.6633333333333333,neutral,中性,0.33666666666666667,True
2020-04,海南,30,0.24666666666666667,0.15666666666666668,0.09833333333333334,0.05333333333333334,0.07333333333333333,0.3716666666666667,0.30227109701715454,0.13126265675153487,0.6283333333333333,neutral,中性,0.3716666666666667,True
2020-04,湖北,30,0.38999999999999996,0.11499999999999999,0.06166666666666667,0.041666666666666664,0.03833333333333334,0.35333333333333333,0.297518472332913,0.1300419914498001,0.6466666666666667,joy,喜悦,0.38999999999999996,True
2020-04,湖南,30,0.30833333333333335,0.23,0.07333333333333332,0.02333333333333333,0.03666666666666667,0.3283333333333333,0.3588975776797161,0.07396799556440672,0.6716666666666666,neutral,中性,0.3283333333333333,True
2020-04,澳门,20,0.2,0.1675,0.095,0.034999999999999996,0.0425,0.45999999999999996,0.3077935056255462,0.13484884325167862,0.5399999999999999,neutral,中性,0.45999999999999996,False
2020-04,甘肃,30,0.23,0.14500000000000002,0.08,0.021666666666666667,0.043333333333333335,0.48000000000000004,0.31365476298763195,0.055216397697718786,0.52,neutral,中性,0.48000000000000004,True
2020-04,福建,30,0.2,0.15,0.13,0.056666666666666664,0.03833333333333334,0.425,0.291547594742265,0.12644566321992395,0.575,neutral,中性,0.425,True
2020-04,西藏,9,0.2833333333333333,0.061111111111111116,0.17777777777777776,0.0,0.08333333333333333,0.39444444444444443,0.2936835031117683,0.0,0.6055555555555555,neutral,中性,0.39444444444444443,False
2020-04,贵州,30,0.22333333333333333,0.165,0.07166666666666667,0.021666666666666667,0.075,0.44333333333333336,0.27377732372953345,0.04857154930922886,0.5566666666666666,neutral,中性,0.44333333333333336,True
2020-04,辽宁,30,0.26999999999999996,0.16333333333333336,0.03333333333333333,0.03666666666666667,0.065,0.43166666666666664,0.29172495312513474,0.09553238603536078,0.5683333333333334,neutral,中性,0.43166666666666664,True
2020-04,重庆,30,0.275,0.18000000000000002,0.07833333333333334,0.02666666666666667,0.06333333333333334,0.3766666666666667,0.3005024527985271,0.0639683829949492,0.6233333333333333,neutral,中性,0.3766666666666667,True
2020-04,陕西,30,0.26666666666666666,0.13833333333333334,0.04666666666666666,0.028333333333333335,0.065,0.455,0.3012426371494939,0.08271610497955346,0.5449999999999999,neutral,中性,0.455,True
2020-04,青海,14,0.18928571428571428,0.12142857142857143,0.09285714285714286,0.04285714285714286,0.024999999999999998,0.5285714285714286,0.19629116072869854,0.10894095588038444,0.4714285714285714,neutral,中性,0.5285714285714286,False
2020-04,香港,30,0.2816666666666666,0.12166666666666666,0.07166666666666667,0.025,0.08166666666666668,0.41833333333333333,0.2989877558712389,0.08173759528367971,0.5816666666666667,neutral,中性,0.41833333333333333,True
2020-04,黑龙江,30,0.20166666666666666,0.15666666666666668,0.08333333333333333,0.030000000000000002,0.08333333333333333,0.445,0.24652178099662334,0.06772153938409643,0.5549999999999999,neutral,中性,0.445,True
2020-05,上海,30,0.315,0.09333333333333332,0.1,0.056666666666666664,0.058333333333333334,0.3766666666666667,0.32777988829764065,0.13817363722139078,0.6233333333333333,neutral,中性,0.3766666666666667,True
2020-05,云南,30,0.2866666666666667,0.023333333333333334,0.10166666666666666,0.015000000000000001,0.07,0.5033333333333333,0.3159368480472371,0.043845339468448055,0.4966666666666667,neutral,中性,0.5033333333333333,True
2020-05,内蒙古,30,0.25666666666666665,0.09166666666666666,0.14,0.020000000000000004,0.06666666666666667,0.425,0.3145147694940336,0.10051591056077673,0.575,neutral,中性,0.425,True
2020-05,北京,30,0.35833333333333334,0.065,0.15333333333333332,0.028333333333333332,0.07,0.325,0.3162504827128204,0.07620676652612822,0.6749999999999999,joy,喜悦,0.35833333333333334,True
2020-05,台湾,21,0.4,0.0642857142857143,0.014285714285714285,0.04523809523809524,0.04523809523809524,0.430952380952381,0.2761340254296815,0.11822093924593256,0.569047619047619,neutral,中性,0.430952380952381,False
2020-05,吉林,30,0.2833333333333333,0.07333333333333333,0.05,0.05,0.05666666666666667,0.48666666666666664,0.32465720206176657,0.1286535041805354,0.5133333333333334,neutral,中性,0.48666666666666664,True
2020-05,四川,30,0.36166666666666664,0.058333333333333334,0.07166666666666667,0.02666666666666667,0.075,0.4066666666666666,0.32368655904400345,0.09071871393197363,0.5933333333333333,neutral,中性,0.4066666666666666,True
2020-05,天津,30,0.4033333333333333,0.09,0.1,0.011666666666666667,0.04000000000000001,0.35500000000000004,0.3669382484300588,0.031303115778964635,0.645,joy,喜悦,0.4033333333333333,True
2020-05,宁夏,24,0.3,0.04583333333333334,0.10208333333333335,0.004166666666666667,0.02916666666666667,0.5187499999999999,0.3226924771087927,0.020412414523193152,0.48125000000000007,neutral,中性,0.5187499999999999,False
2020-05,安徽,30,0.3716666666666667,0.041666666666666664,0.12666666666666665,0.013333333333333334,0.07,0.3766666666666667,0.32154887367384694,0.05560534167675356,0.6233333333333333,neutral,中性,0.3766666666666667,True
2020-05,山东,30,0.2533333333333333,0.13,0.07166666666666667,0.02666666666666667,0.011666666666666667,0.5066666666666667,0.34936724412052117,0.06789105539243627,0.4933333333333334,neutral,中性,0.5066666666666667,True
2020-05,山西,30,0.3333333333333333,0.11000000000000001,0.145,0.015000000000000001,0.06333333333333334,0.3333333333333333,0.32225855258261754,0.03511066249289032,0.6666666666666665,joy,喜悦,0.3333333333333333,True
2020-05,广东,30,0.29,0.11666666666666667,0.11,0.03166666666666667,0.06333333333333334,0.38833333333333336,0.29519134647628603,0.09142863557058505,0.6116666666666666,neutral,中性,0.38833333333333336,True
2020-05,广西,30,0.295,0.14333333333333334,0.07166666666666667,0.005000000000000001,0.03833333333333334,0.44666666666666666,0.3209226998988149,0.020128894996822442,0.5533333333333333,neutral,中性,0.44666666666666666,True
2020-05,新疆,21,0.29523809523809524,0.13333333333333333,0.18571428571428572,0.016666666666666666,0.07380952380952381,0.29523809523809524,0.3106061661915141,0.042817441928883766,0.7047619047619047,joy,喜悦,0.29523809523809524,False
2020-05,江苏,30,0.22,0.11833333333333333,0.11666666666666667,0.043333333333333335,0.08833333333333333,0.41333333333333333,0.2787286407465401,0.12438353736655061,0.5866666666666667,neutral,中性,0.41333333333333333,True
2020-05,江西,30,0.31666666666666665,0.06833333333333333,0.07333333333333333,0.043333333333333335,0.075,0.4233333333333333,0.2983672041390393,0.12780193008453877,0.5766666666666667,neutral,中性,0.4233333333333333,True
2020-05,河北,30,0.4033333333333333,0.08166666666666668,0.06333333333333332,0.0033333333333333335,0.051666666666666666,0.39666666666666667,0.3586212422630579,0.01825741858350554,0.6033333333333333,joy,喜悦,0.4033333333333333,True
2020-05,河南,30,0.3766666666666667,0.07333333333333333,0.11166666666666666,0.025,0.05,0.36333333333333334,0.36025214669090083,0.07740400060943123,0.6366666666666667,joy,喜悦,0.3766666666666667,True
2020-05,浙江,30,0.3433333333333334,0.07333333333333333,0.058333333333333334,0.058333333333333334,0.075,0.39166666666666666,0.36547874444853584,0.1474398377207681,0.6083333333333334,neutral,中性,0.39166666666666666,True
2020-05,海南,30,0.2966666666666667,0.07166666666666667,0.13166666666666668,0.03333333333333333,0.07,0.39666666666666667,0.3266690124241369,0.09222660747548281,0.6033333333333334,neutral,中性,0.39666666666666667,True
2020-05,湖北,30,0.25666666666666665,0.10333333333333333,0.19,0.028333333333333332,0.07166666666666667,0.35,0.3242320724135865,0.07390969948633885,0.65,neutral,中性,0.35,True
2020-05,湖南,30,0.305,0.075,0.15333333333333332,0.005000000000000001,0.041666666666666664,0.42,0.31577763891919153,0.02012889499682244,0.5800000000000001,neutral,中性,0.42,True
2020-05,澳门,15,0.38999999999999996,0.060000000000000005,0.12000000000000001,0.05999999999999999,0.09000000000000001,0.28,0.3117920552456167,0.17948338562186114,0.72,joy,喜悦,0.38999999999999996,False
2020-05,甘肃,30,0.32,0.051666666666666666,0.05666666666666667,0.01,0.03166666666666667,0.53,0.3323375932121868,0.033218191941495986,0.47,neutral,中性,0.53,True
2020-05,福建,30,0.325,0.08666666666666667,0.10500000000000001,0.02666666666666667,0.05666666666666667,0.4,0.36406469678928755,0.08976341829703131,0.6,neutral,中性,0.4,True
2020-05,西藏,8,0.3,0.1,0.125,0.0,0.0625,0.4125,0.40266966255586867,0.0,0.5875,neutral,中性,0.4125,False
2020-05,贵州,30,0.23833333333333334,0.065,0.06166666666666667,0.021666666666666667,0.04833333333333333,0.565,0.3289700052707178,0.05521639769771878,0.43500000000000005,neutral,中性,0.565,True
2020-05,辽宁,30,0.28833333333333333,0.06833333333333333,0.056666666666666664,0.06333333333333332,0.07166666666666667,0.4516666666666667,0.3346854759562954,0.1629117242099459,0.5483333333333333,neutral,中性,0.4516666666666667,True
2020-05,重庆,30,0.4083333333333333,0.03833333333333334,0.11333333333333333,0.013333333333333334,0.041666666666666664,0.385,0.37944681453066814,0.05713464637233659,0.615,joy,喜悦,0.4083333333333333,True
2020-05,陕西,30,0.2766666666666666,0.08166666666666668,0.125,0.04000000000000001,0.06166666666666667,0.415,0.3081461065606797,0.10099504938362078,0.585,neutral,中性,0.415,True
2020-05,青海,6,0.3,0.13333333333333333,0.0,0.049999999999999996,0.03333333333333333,0.48333333333333334,0.3346640106136302,0.1224744871391589,0.5166666666666666,neutral,中性,0.48333333333333334,False
2020-05,香港,26,0.3942307692307692,0.07884615384615384,0.01730769230769231,0.015384615384615385,0.05,0.44423076923076926,0.3125146150428562,0.04640954808922571,0.5557692307692308,neutral,中性,0.44423076923076926,False
2020-05,黑龙江,30,0.2966666666666667,0.09166666666666666,0.10666666666666666,0.011666666666666665,0.051666666666666666,0.44166666666666665,0.2996933298457325,0.044881709148515664,0.5583333333333333,neutral,中性,0.44166666666666665,True
2020-06,上海,30,0.22666666666666666,0.043333333333333335,0.14166666666666666,0.03333333333333333,0.075,0.48000000000000004,0.29616320446362154,0.07466399831028446,0.52,neutral,中性,0.48000000000000004,True
2020-06,云南,30,0.19666666666666668,0.056666666666666664,0.125,0.006666666666666667,0.09166666666666666,0.5233333333333333,0.24842029642958105,0.02537081317024624,0.4766666666666667,neutral,中性,0.5233333333333333,True
2020-06,内蒙古,30,0.20166666666666666,0.10166666666666666,0.12666666666666665,0.023333333333333334,0.058333333333333334,0.48833333333333334,0.2854166142293768,0.0784915252764901,0.5116666666666667,neutral,中性,0.48833333333333334,True
2020-06,北京,48,0.15833333333333333,0.12291666666666667,0.11354166666666667,0.05416666666666667,0.05625,0.4947916666666667,0.2535562662247651,0.11932136712459455,0.5052083333333333,neutral,中性,0.4947916666666667,True
2020-06,台湾,21,0.3404761904761905,0.054761904761904755,0.04285714285714285,0.02619047619047619,0.028571428571428574,0.5071428571428571,0.37802746183943026,0.1091089451179962,0.4928571428571429,neutral,中性,0.5071428571428571,False
2020-06,吉林,30,0.2733333333333333,0.08666666666666667,0.11333333333333333,0.025,0.04666666666666667,0.455,0.32608792270388265,0.06123724356957944,0.545,neutral,中性,0.455,True
2020-06,四川,30,0.15833333333333333,0.09333333333333332,0.08,0.041666666666666664,0.06166666666666667,0.565,0.25565444530126763,0.12736272754544828,0.43500000000000005,neutral,中性,0.565,True
2020-06,天津,30,0.2533333333333333,0.09166666666666666,0.14333333333333334,0.02,0.035,0.4566666666666667,0.3662327631187702,0.09247553264475439,0.5433333333333333,neutral,中性,0.4566666666666667,True
2020-06,宁夏,18,0.18333333333333332,0.07222222222222223,0.2,0.07222222222222223,0.058333333333333334,0.4138888888888889,0.3289913283319897,0.1564516672426553,0.586111111111111,neutral,中性,0.4138888888888889,False
2020-06,安徽,30,0.19833333333333333,0.10800000000000001,0.11333333333333333,0.032,0.06833333333333334,0.48000000000000004,0.28722313005184946,0.08731236038420948,0.52,neutral,中性,0.48000000000000004,True
2020-06,山东,30,0.245,0.07333333333333333,0.05333333333333334,0.03166666666666667,0.05666666666666667,0.5399999999999999,0.31082482038202364,0.052920456466698,0.45999999999999985,neutral,中性,0.5399999999999999,True
2020-06,山西,30,0.23666666666666666,0.10666666666666667,0.08499999999999999,0.03166666666666666,0.045000000000000005,0.495,0.265853645676602,0.09868386771466975,0.505,neutral,中性,0.495,True
2020-06,广东,30,0.255,0.07,0.09,0.02666666666666667,0.05333333333333334,0.505,0.34249339283835983,0.05371273099800798,0.495,neutral,中性,0.505,True
2020-06,广西,30,0.14,0.12000000000000001,0.15333333333333332,0.043333333333333335,0.05333333333333334,0.49,0.23430013172027442,0.1165105688067746,0.5099999999999999,neutral,中性,0.49,True
2020-06,新疆,21,0.21428571428571427,0.12380952380952381,0.13571428571428573,0.05952380952380952,0.06190476190476191,0.40476190476190477,0.2833473385894321,0.12411592123801805,0.5952380952380952,neutral,中性,0.40476190476190477,False
2020-06,江苏,30,0.27666666666666667,0.095,0.10333333333333333,0.018333333333333333,0.051666666666666666,0.455,0.30363695805822216,0.038244524812852884,0.5449999999999999,neutral,中性,0.455,True
2020-06,江西,30,0.24333333333333332,0.1,0.09000000000000001,0.04833333333333334,0.04833333333333333,0.47,0.32343344818107306,0.12763318488957906,0.53,neutral,中性,0.47,True
2020-06,河北,30,0.20166666666666666,0.051666666666666666,0.02666666666666667,0.08333333333333333,0.03666666666666667,0.6,0.2925757589285956,0.15047816506363818,0.40000000000000013,neutral,中性,0.6,True
2020-06,河南,30,0.25166666666666665,0.04833333333333334,0.09333333333333332,0.04666666666666667,0.05333333333333334,0.5066666666666667,0.2762068606770249,0.10661996103898193,0.4933333333333332,neutral,中性,0.5066666666666667,True
2020-06,浙江,30,0.19666666666666666,0.08333333333333333,0.08499999999999999,0.021666666666666667,0.04000000000000001,0.5733333333333334,0.30539215414953275,0.08060475443037844,0.42666666666666686,neutral,中性,0.5733333333333334,True
2020-06,海南,30,0.21333333333333332,0.14666666666666667,0.11333333333333333,0.060000000000000005,0.058333333333333334,0.4083333333333333,0.29004557707644707,0.11991376211606236,0.5916666666666666,neutral,中性,0.4083333333333333,True
2020-06,湖北,30,0.23166666666666666,0.105,0.14,0.04833333333333333,0.09000000000000001,0.385,0.30413340236939057,0.10295909242336822,0.615,neutral,中性,0.385,True
2020-06,湖南,30,0.31166666666666665,0.09166666666666666,0.12166666666666666,0.041666666666666664,0.09000000000000001,0.3433333333333334,0.31367766602185676,0.11602863300996405,0.6566666666666667,neutral,中性,0.3433333333333334,True
2020-06,澳门,15,0.19,0.07666666666666666,0.16666666666666666,0.013333333333333334,0.04000000000000001,0.5133333333333333,0.2123003263573294,0.035186577527449844,0.4866666666666666,neutral,中性,0.5133333333333333,False
2020-06,甘肃,30,0.23,0.02666666666666667,0.03333333333333333,0.008333333333333333,0.04666666666666667,0.6549999999999999,0.29959743104648806,0.032385962618280216,0.3450000000000001,neutral,中性,0.6549999999999999,True
2020-06,福建,30,0.22,0.09666666666666666,0.155,0.07,0.06166666666666667,0.39666666666666667,0.27593102586422347,0.18080280742403806,0.6033333333333333,neutral,中性,0.39666666666666667,True
2020-06,西藏,7,0.3071428571428571,0.0642857142857143,0.12857142857142856,0.0071428571428571435,0.05,0.4428571428571429,0.29780946289612126,0.018898223650461364,0.5571428571428572,neutral,中性,0.4428571428571429,False
2020-06,贵州,30,0.18666666666666665,0.025,0.08833333333333333,0.05333333333333334,0.06666666666666667,0.58,0.24876707473310122,0.12312968586100546,0.41999999999999993,neutral,中性,0.58,True
2020-06,辽宁,30,0.2983333333333333,0.11666666666666667,0.08166666666666665,0.043333333333333335,0.08499999999999999,0.375,0.3217632813038217,0.08065821177311572,0.625,neutral,中性,0.375,True
2020-06,重庆,30,0.26166666666666666,0.08666666666666667,0.095,0.03833333333333333,0.09000000000000001,0.42833333333333334,0.2999089900267255,0.07390969948633885,0.5716666666666665,neutral,中性,0.42833333333333334,True
2020-06,陕西,30,0.2383333333333333,0.07,0.08666666666666667,0.04833333333333333,0.07333333333333333,0.48333333333333334,0.26119200670735715,0.11255905218988413,0.5166666666666666,neutral,中性,0.48333333333333334,True
2020-06,青海,11,0.39545454545454545,0.018181818181818184,0.0,0.004545454545454546,0.07727272727272727,0.5045454545454545,0.3150036074829505,0.015075567228888184,0.4954545454545455,neutral,中性,0.5045454545454545,False
2020-06,香港,30,0.28,0.10666666666666667,0.115,0.04000000000000001,0.07666666666666666,0.38166666666666665,0.3120013262571281,0.0894427190999916,0.6183333333333334,neutral,中性,0.38166666666666665,True
2020-06,黑龙江,30,0.21,0.12666666666666665,0.075,0.02666666666666667,0.045000000000000005,0.5166666666666667,0.32626411978957925,0.058329228098567464,0.4833333333333333,neutral,中性,0.5166666666666667,True
2020-07,上海,30,0.25666666666666665,0.125,0.1716666666666667,0.05666666666666667,0.08833333333333333,0.3016666666666667,0.2970351579484679,0.08683449709106093,0.6983333333333334,neutral,中性,0.3016666666666667,True
2020-07,云南,30,0.31333333333333335,0.056666666666666664,0.07166666666666667,0.03666666666666667,0.07166666666666667,0.45,0.3535371348912677,0.09643054793328018,0.5499999999999999,neutral,中性,0.45,True
2020-07,内蒙古,30,0.20833333333333334,0.07666666666666666,0.07833333333333334,0.075,0.03166666666666667,0.53,0.304869484040057,0.15128757726423794,0.4700000000000001,neutral,中性,0.53,True
2020-07,北京,30,0.3283333333333333,0.08666666666666667,0.05,0.035,0.043333333333333335,0.45666666666666667,0.32208462513309516,0.0821583836257749,0.5433333333333333,neutral,中性,0.45666666666666667,True
2020-07,台湾,27,0.3425925925925926,0.07777777777777778,0.09814814814814815,0.037037037037037035,0.05555555555555555,0.3888888888888889,0.3446580534227712,0.0915597667274818,0.611111111111111,neutral,中性,0.3888888888888889,False
2020-07,吉林,30,0.2816666666666666,0.08,0.09666666666666666,0.030000000000000002,0.06333333333333334,0.44833333333333336,0.34126623577225,0.06898275646605587,0.5516666666666667,neutral,中性,0.44833333333333336,True
2020-07,四川,30,0.3433333333333333,0.06666666666666667,0.15333333333333332,0.030000000000000002,0.09666666666666666,0.31,0.30021065401082825,0.09523111632886269,0.69,joy,喜悦,0.3433333333333333,True
2020-07,天津,30,0.26666666666666666,0.07,0.12166666666666666,0.05,0.045000000000000005,0.44666666666666666,0.3102649961179829,0.09913418283769,0.5533333333333335,neutral,中性,0.44666666666666666,True
2020-07,宁夏,19,0.31842105263157894,0.06315789473684212,0.047368421052631574,0.007894736842105265,0.06842105263157895,0.4947368421052632,0.31850803509653036,0.025072992856063955,0.5052631578947369,neutral,中性,0.4947368421052632,False
2020-07,安徽,30,0.21333333333333335,0.11666666666666667,0.13833333333333334,0.065,0.03666666666666667,0.43,0.3383360228645718,0.15819564491150037,0.5700000000000001,neutral,中性,0.43,True
2020-07,山东,30,0.29,0.08166666666666668,0.08,0.05666666666666667,0.03166666666666666,0.46,0.32414343355564273,0.0962515860445528,0.54,neutral,中性,0.46,True
2020-07,山西,30,0.33166666666666667,0.06333333333333332,0.09166666666666666,0.025,0.075,0.41333333333333333,0.331788084977947,0.07514354080117552,0.5866666666666667,neutral,中性,0.41333333333333333,True
2020-07,广东,33,0.2833333333333333,0.10454545454545455,0.14393939393939395,0.0606060606060606,0.07272727272727272,0.3348484848484849,0.3146592071855942,0.170824094354752,0.665151515151515,neutral,中性,0.3348484848484849,True
2020-07,广西,30,0.2783333333333333,0.09666666666666666,0.18666666666666668,0.056666666666666664,0.05333333333333334,0.3283333333333333,0.33391185429208947,0.12157964136894918,0.6716666666666666,neutral,中性,0.3283333333333333,True
2020-07,新疆,30,0.29333333333333333,0.12000000000000001,0.11166666666666666,0.028333333333333335,0.08166666666666668,0.365,0.3460947979895137,0.06390096504226939,0.635,neutral,中性,0.365,True
2020-07,江苏,30,0.24666666666666667,0.1,0.12000000000000001,0.051666666666666666,0.05,0.43166666666666664,0.3118170698622371,0.12763318488957906,0.5683333333333334,neutral,中性,0.43166666666666664,True
2020-07,江西,30,0.32166666666666666,0.055,0.075,0.020000000000000004,0.06333333333333332,0.46499999999999997,0.34005155119667424,0.056629467167934204,0.5349999999999999,neutral,中性,0.46499999999999997,True
2020-07,河北,30,0.18666666666666668,0.11666666666666667,0.13666666666666666,0.056666666666666664,0.08166666666666668,0.4216666666666667,0.22664469129444442,0.119433528860584,0.5783333333333334,neutral,中性,0.4216666666666667,True
2020-07,河南,30,0.33999999999999997,0.08,0.10333333333333333,0.02,0.05333333333333334,0.4033333333333333,0.3420022181819576,0.04068381021724862,0.5966666666666667,neutral,中性,0.4033333333333333,True
2020-07,浙江,30,0.3383333333333333,0.11166666666666666,0.06833333333333333,0.04833333333333334,0.06333333333333332,0.37,0.3403049680277498,0.119973656112163,0.6299999999999999,neutral,中性,0.37,True
2020-07,海南,28,0.2571428571428572,0.18571428571428572,0.07142857142857142,0.042857142857142864,0.05,0.39285714285714285,0.28503225474213656,0.10338196500275418,0.6071428571428572,neutral,中性,0.39285714285714285,False
2020-07,湖北,30,0.27166666666666667,0.065,0.15,0.023333333333333334,0.06166666666666667,0.42833333333333334,0.31477505195509586,0.043018306715207635,0.5716666666666667,neutral,中性,0.42833333333333334,True
2020-07,湖南,30,0.21,0.09833333333333334,0.17333333333333334,0.095,0.07166666666666668,0.3516666666666666,0.3041097805409909,0.18305360059188994,0.6483333333333334,neutral,中性,0.3516666666666666,True
2020-07,澳门,10,0.375,0.025,0.08,0.02,0.11000000000000001,0.39,0.33103373443402007,0.06324555320336758,0.61,neutral,中性,0.39,False
2020-07,甘肃,30,0.33999999999999997,0.11333333333333333,0.12166666666666666,0.06166666666666667,0.09666666666666666,0.26666666666666666,0.3399797154192463,0.10641763314262428,0.7333333333333334,joy,喜悦,0.33999999999999997,True
2020-07,福建,30,0.2733333333333333,0.07333333333333333,0.22166666666666668,0.015000000000000001,0.058333333333333334,0.35833333333333334,0.3380301285626652,0.043845339468448055,0.6416666666666666,neutral,中性,0.35833333333333334,True
2020-07,西藏,13,0.21923076923076923,0.05,0.11153846153846153,0.01153846153846154,0.05,0.5576923076923077,0.2968855429976772,0.029957234475763907,0.4423076923076923,neutral,中性,0.5576923076923077,False
2020-07,贵州,30,0.305,0.105,0.11,0.02,0.065,0.39499999999999996,0.3085980534946545,0.06102571532587294,0.605,neutral,中性,0.39499999999999996,True
2020-07,辽宁,30,0.25666666666666665,0.08499999999999999,0.10833333333333334,0.03166666666666666,0.08,0.43833333333333335,0.2842817123102065,0.07821646944188942,0.5616666666666665,neutral,中性,0.43833333333333335,True
2020-07,重庆,30,0.38999999999999996,0.07166666666666667,0.08166666666666665,0.02666666666666667,0.085,0.345,0.3387095185125958,0.09071871393197363,0.655,joy,喜悦,0.38999999999999996,True
2020-07,陕西,30,0.22666666666666666,0.13666666666666666,0.07833333333333334,0.018333333333333333,0.05,0.49,0.29934795038934014,0.06497125801318682,0.51,neutral,中性,0.49,True
2020-07,青海,8,0.2,0.09375,0.375,0.03125,0.018750000000000003,0.28125,0.28784916685156975,0.04580626906564522,0.71875,anger,愤怒,0.375,False
2020-07,香港,30,0.315,0.09166666666666666,0.09666666666666666,0.03333333333333333,0.04666666666666667,0.4166666666666667,0.32935412238354406,0.09222660747548281,0.5833333333333333,neutral,中性,0.4166666666666667,True
2020-07,黑龙江,30,0.2966666666666667,0.095,0.09499999999999999,0.023333333333333334,0.07166666666666667,0.41833333333333333,0.31319635059015055,0.05040069329937309,0.5816666666666667,neutral,中性,0.41833333333333333,True
2020-08,上海,30,0.23666666666666666,0.115,0.06666666666666667,0.04,0.075,0.4666666666666667,0.30567430642629323,0.0844862771962569,0.5333333333333334,neutral,中性,0.4666666666666667,True
2020-08,云南,30,0.2733333333333333,0.058333333333333334,0.030000000000000002,0.043333333333333335,0.07666666666666667,0.5183333333333333,0.3268800616627507,0.1257620449659713,0.4816666666666667,neutral,中性,0.5183333333333333,True
2020-08,内蒙古,30,0.3716666666666667,0.05333333333333334,0.021666666666666667,0.04000000000000001,0.06666666666666667,0.44666666666666666,0.3438331926498896,0.10779930266552011,0.5533333333333333,neutral,中性,0.44666666666666666,True
2020-08,北京,30,0.235,0.08666666666666667,0.10166666666666666,0.04666666666666667,0.06333333333333334,0.4666666666666667,0.3154498703275295,0.14499306364701425,0.5333333333333333,neutral,中性,0.4666666666666667,True
2020-08,台湾,30,0.3333333333333333,0.11000000000000001,0.08,0.07666666666666667,0.05333333333333334,0.3466666666666667,0.34549647768386005,0.11275035999126974,0.6533333333333333,neutral,中性,0.3466666666666667,True
2020-08,吉林,30,0.24166666666666667,0.08033333333333334,0.07366666666666667,0.037000000000000005,0.09166666666666666,0.4756666666666666,0.23381518391645364,0.08284384979149546,0.5243333333333334,neutral,中性,0.4756666666666666,True
2020-08,四川,30,0.32,0.115,0.016666666666666666,0.018333333333333333,0.08833333333333333,0.44166666666666665,0.27215614179592085,0.06226103742798698,0.5583333333333333,neutral,中性,0.44166666666666665,True
2020-08,天津,30,0.335,0.09166666666666666,0.08166666666666668,0.03833333333333333,0.06666666666666667,0.38666666666666666,0.33839122430945984,0.10228706505790906,0.6133333333333333,neutral,中性,0.38666666666666666,True
2020-08,宁夏,12,0.4791666666666667,0.06666666666666667,0.0,0.016666666666666666,0.0625,0.375,0.366468610421469,0.03892494720807615,0.625,joy,喜悦,0.4791666666666667,False
2020-08,安徽,30,0.34833333333333333,0.1,0.08333333333333333,0.060000000000000005,0.06666666666666667,0.3416666666666667,0.3415187512732857,0.10372377109252813,0.6583333333333333,joy,喜悦,0.34833333333333333,True
2020-08,山东,30,0.2966666666666667,0.08666666666666667,0.095,0.02,0.06333333333333334,0.43833333333333335,0.30792221737643904,0.0501721175485981,0.5616666666666666,neutral,中性,0.43833333333333335,True
2020-08,山西,30,0.21666666666666667,0.08833333333333333,0.11166666666666666,0.04666666666666666,0.03666666666666667,0.5,0.2755350072674706,0.14617734466036117,0.4999999999999999,neutral,中性,0.5,True
2020-08,广东,30,0.28833333333333333,0.056666666666666664,0.09666666666666666,0.03666666666666667,0.09666666666666666,0.425,0.33468547595629533,0.0955323860353608,0.5750000000000001,neutral,中性,0.425,True
2020-08,广西,30,0.30333333333333334,0.06333333333333334,0.08333333333333333,0.018333333333333333,0.07666666666666667,0.455,0.2915278815947566,0.062261037427986984,0.545,neutral,中性,0.455,True
2020-08,新疆,30,0.24333333333333332,0.09666666666666666,0.07666666666666666,0.03333333333333333,0.06833333333333334,0.4816666666666667,0.26350859873862825,0.11547005383792515,0.5183333333333333,neutral,中性,0.4816666666666667,True
2020-08,江苏,30,0.26,0.07333333333333333,0.095,0.013333333333333334,0.05500000000000001,0.5033333333333333,0.30944889834939654,0.043417248545530474,0.4966666666666666,neutral,中性,0.5033333333333333,True
2020-08,江西,30,0.215,0.09666666666666666,0.16,0.02666666666666667,0.051666666666666666,0.45,0.2980251088704463,0.07396799556440671,0.55,neutral,中性,0.45,True
2020-08,河北,30,0.254,0.092,0.14833333333333334,0.008666666666666666,0.037,0.46,0.3229668500123451,0.0372996564034589,0.54,neutral,中性,0.46,True
2020-08,河南,30,0.28500000000000003,0.059666666666666666,0.06166666666666667,0.02033333333333333,0.058333333333333334,0.515,0.3014762528533263,0.055738511006263904,0.485,neutral,中性,0.515,True
2020-08,浙江,30,0.3283333333333333,0.04666666666666667,0.08333333333333333,0.04000000000000001,0.065,0.43666666666666665,0.2952740787966248,0.10288929437289249,0.5633333333333335,neutral,中性,0.43666666666666665,True
2020-08,海南,30,0.3233333333333333,0.09000000000000001,0.07333333333333333,0.06666666666666667,0.08666666666666667,0.36000000000000004,0.31914036835324305,0.1728729518208802,0.6399999999999999,neutral,中性,0.36000000000000004,True
2020-08,湖北,30,0.255,0.105,0.15666666666666668,0.02333333333333333,0.06333333333333334,0.39666666666666667,0.296342648832802,0.06260623155792927,0.6033333333333333,neutral,中性,0.39666666666666667,True
2020-08,湖南,30,0.3266666666666667,0.08333333333333333,0.03333333333333333,0.02666666666666667,0.06166666666666667,0.4683333333333334,0.3117617717085444,0.08276819867946672,0.5316666666666667,neutral,中性,0.4683333333333334,True
2020-08,澳门,12,0.09999999999999999,0.08333333333333333,0.15,0.05833333333333333,0.09166666666666667,0.5166666666666667,0.13483997249264842,0.15050420310248863,0.4833333333333335,neutral,中性,0.5166666666666667,False
2020-08,甘肃,30,0.2983333333333333,0.11333333333333333,0.06666666666666667,0.013333333333333334,0.065,0.44333333333333336,0.31417196403960956,0.043417248545530474,0.5566666666666668,neutral,中性,0.44333333333333336,True
2020-08,福建,30,0.27666666666666667,0.15666666666666668,0.09000000000000001,0.07333333333333333,0.08833333333333335,0.31500000000000006,0.30049767149632395,0.1165105688067746,0.6849999999999999,neutral,中性,0.31500000000000006,True
2020-08,西藏,13,0.21153846153846154,0.14615384615384616,0.049999999999999996,0.03461538461538462,0.09615384615384616,0.46153846153846156,0.25670495884855027,0.05157767356382421,0.5384615384615384,neutral,中性,0.46153846153846156,False
2020-08,贵州,30,0.23333333333333334,0.056666666666666664,0.05,0.016666666666666666,0.043333333333333335,0.6,0.2577533348168271,0.06477192523656045,0.40000000000000013,neutral,中性,0.6,True
2020-08,辽宁,30,0.31666666666666665,0.1,0.02666666666666667,0.015000000000000001,0.08,0.46166666666666667,0.26952491194863515,0.04761555816443135,0.5383333333333333,neutral,中性,0.46166666666666667,True
2020-08,重庆,30,0.31666666666666665,0.08833333333333333,0.14666666666666667,0.035,0.07166666666666668,0.3416666666666667,0.334337567729686,0.11458320271674895,0.6583333333333333,neutral,中性,0.3416666666666667,True
2020-08,陕西,30,0.20900000000000002,0.03666666666666667,0.05666666666666667,0.06333333333333332,0.08166666666666668,0.5526666666666668,0.3052681127953838,0.1731718965280638,0.44733333333333336,neutral,中性,0.5526666666666668,True
2020-08,青海,9,0.25555555555555554,0.11666666666666667,0.1888888888888889,0.011111111111111112,0.03666666666666667,0.39111111111111113,0.31666666666666665,0.03333333333333334,0.6088888888888888,neutral,中性,0.39111111111111113,False
2020-08,香港,30,0.26333333333333336,0.05,0.08666666666666666,0.0033333333333333335,0.02,0.5766666666666667,0.3070811791281137,0.012685406585123123,0.42333333333333345,neutral,中性,0.5766666666666667,True
2020-08,黑龙江,30,0.24000000000000002,0.10166666666666667,0.12000000000000001,0.018333333333333333,0.045000000000000005,0.475,0.2925512038883992,0.035919770114206905,0.525,neutral,中性,0.475,True
2020-09,上海,30,0.20666666666666667,0.15,0.2833333333333333,0.018333333333333333,0.085,0.25666666666666665,0.31533598210352626,0.04449589933321119,0.7433333333333334,anger,愤怒,0.2833333333333333,True
2020-09,云南,30,0.28500000000000003,0.10166666666666667,0.09166666666666666,0.035,0.060000000000000005,0.4266666666666667,0.2729626727038976,0.08110231936816943,0.5733333333333334,neutral,中性,0.4266666666666667,True
2020-09,内蒙古,30,0.22166666666666665,0.08166666666666668,0.09666666666666666,0.03833333333333334,0.03333333333333333,0.5283333333333333,0.2987570034768001,0.11573105962065473,0.47166666666666657,neutral,中性,0.5283333333333333,True
2020-09,北京,30,0.31166666666666665,0.12833333333333333,0.125,0.025,0.05333333333333334,0.35666666666666663,0.3172302909106638,0.08173759528367973,0.6433333333333333,neutral,中性,0.35666666666666663,True
2020-09,台湾,27,0.5407407407407407,0.05925925925925926,0.05185185185185185,0.011111111111111113,0.07592592592592594,0.2611111111111111,0.28890943385196166,0.025318484177091673,0.7388888888888889,joy,喜悦,0.5407407407407407,False
2020-09,吉林,30,0.38199999999999995,0.06233333333333334,0.137,0.013666666666666667,0.04833333333333334,0.35666666666666663,0.3164937216787546,0.03189241973857753,0.6433333333333333,joy,喜悦,0.38199999999999995,True
2020-09,四川,30,0.345,0.07600000000000001,0.14333333333333334,0.023333333333333334,0.07233333333333333,0.33999999999999997,0.27647722360515303,0.07159913953120663,0.66,joy,喜悦,0.345,True
2020-09,天津,30,0.2816666666666666,0.07666666666666666,0.16999999999999998,0.018333333333333333,0.030000000000000002,0.4233333333333334,0.2937519870316752,0.06497125801318682,0.5766666666666665,neutral,中性,0.4233333333333334,True
2020-09,宁夏,12,0.20416666666666664,0.10000000000000002,0.10416666666666667,0.008333333333333333,0.016666666666666666,0.5666666666666667,0.30782103222292634,0.02886751345948129,0.43333333333333346,neutral,中性,0.5666666666666667,False
2020-09,安徽,30,0.21833333333333332,0.10666666666666667,0.13333333333333333,0.005,0.035,0.5016666666666667,0.2426446718590977,0.027386127875258303,0.4983333333333334,neutral,中性,0.5016666666666667,True
2020-09,山东,30,0.3333333333333333,0.115,0.07333333333333333,0.013333333333333334,0.05500000000000001,0.41000000000000003,0.31303115778964624,0.04138409933973336,0.59,neutral,中性,0.41000000000000003,True
2020-09,山西,30,0.39499999999999996,0.095,0.16,0.03333333333333333,0.041666666666666664,0.275,0.35436927943445734,0.11167481527997301,0.725,joy,喜悦,0.39499999999999996,True
2020-09,广东,30,0.365,0.115,0.16,0.02333333333333333,0.05500000000000001,0.2816666666666666,0.31844178810858526,0.0773854362727667,0.7183333333333333,joy,喜悦,0.365,True
2020-09,广西,30,0.3333333333333333,0.11333333333333333,0.21333333333333335,0.0,0.04000000000000001,0.3,0.3193024005367103,0.0,0.7,joy,喜悦,0.3333333333333333,True
2020-09,新疆,30,0.34833333333333333,0.1,0.10833333333333334,0.008333333333333333,0.043333333333333335,0.39166666666666666,0.3158140366531013,0.029604674995837996,0.6083333333333334,neutral,中性,0.39166666666666666,True
2020-09,江苏,30,0.255,0.10833333333333334,0.20500000000000002,0.008333333333333333,0.060000000000000005,0.36333333333333334,0.30550974926596325,0.03733199915514223,0.6366666666666667,neutral,中性,0.36333333333333334,True
2020-09,江西,30,0.235,0.115,0.23166666666666663,0.013333333333333334,0.016666666666666666,0.38833333333333336,0.26689465828429326,0.043417248545530474,0.6116666666666666,neutral,中性,0.38833333333333336,True
2020-09,河北,30,0.3233333333333333,0.075,0.08333333333333333,0.013333333333333332,0.05333333333333334,0.4516666666666667,0.2568822799399103,0.05713464637233658,0.5483333333333333,neutral,中性,0.4516666666666667,True
2020-09,河南,30,0.41,0.08166666666666668,0.02333333333333333,0.016666666666666666,0.08666666666666667,0.38166666666666665,0.2829646011734354,0.05920934999167599,0.6183333333333334,joy,喜悦,0.41,True
2020-09,浙江,30,0.15,0.13499999999999998,0.30666666666666664,0.028333333333333335,0.03333333333333333,0.3466666666666667,0.27101342376729043,0.08271610497955345,0.6533333333333333,neutral,中性,0.3466666666666667,True
2020-09,海南,30,0.35,0.10333333333333333,0.18833333333333335,0.005000000000000001,0.02666666666666667,0.3266666666666667,0.3181303137893718,0.020128894996822442,0.6733333333333333,joy,喜悦,0.35,True
2020-09,湖北,30,0.24833333333333335,0.11333333333333333,0.215,0.02333333333333333,0.028333333333333335,0.3716666666666667,0.2866222232322098,0.06660917060882383,0.6283333333333333,neutral,中性,0.3716666666666667,True
2020-09,湖南,30,0.2783333333333333,0.10666666666666667,0.16333333333333336,0.020000000000000004,0.06833333333333334,0.36333333333333334,0.2592041311576561,0.038506604896947946,0.6366666666666667,neutral,中性,0.36333333333333334,True
2020-09,澳门,6,0.35000000000000003,0.05000000000000001,0.09999999999999999,0.03333333333333333,0.06666666666666667,0.4000000000000001,0.3209361307176242,0.051639777949432225,0.5999999999999999,neutral,中性,0.4000000000000001,False
2020-09,甘肃,30,0.3266666666666667,0.05333333333333334,0.08,0.013333333333333334,0.035,0.49166666666666664,0.2718814819547022,0.05074162634049248,0.5083333333333333,neutral,中性,0.49166666666666664,True
2020-09,福建,30,0.41,0.05500000000000001,0.08666666666666667,0.006666666666666667,0.035,0.4066666666666667,0.3166091901861739,0.03651483716701108,0.5933333333333333,joy,喜悦,0.41,True
2020-09,西藏,11,0.4272727272727273,0.10909090909090909,0.19090909090909092,0.02727272727272728,0.045454545454545456,0.2,0.35592389380570977,0.06466697906828633,0.8,joy,喜悦,0.4272727272727273,False
2020-09,贵州,30,0.30666666666666664,0.10833333333333334,0.09166666666666666,0.015000000000000001,0.07,0.4083333333333333,0.2635085987386282,0.03971883944548924,0.5916666666666667,neutral,中性,0.4083333333333333,True
2020-09,辽宁,30,0.3,0.06333333333333332,0.15166666666666667,0.005000000000000001,0.07833333333333334,0.40166666666666667,0.3115589278406918,0.020128894996822442,0.5983333333333333,neutral,中性,0.40166666666666667,True
2020-09,重庆,30,0.42,0.10166666666666667,0.08166666666666668,0.010000000000000002,0.051666666666666666,0.335,0.31282913701494824,0.04025778999364488,0.6649999999999999,joy,喜悦,0.42,True
2020-09,陕西,30,0.18000000000000002,0.11,0.3383333333333333,0.021666666666666667,0.058333333333333334,0.2916666666666667,0.24795717094024453,0.06654442816299672,0.7083333333333334,anger,愤怒,0.3383333333333333,True
2020-09,青海,11,0.35454545454545455,0.05454545454545456,0.15,0.0,0.045454545454545456,0.39545454545454545,0.2978712351457803,0.0,0.6045454545454545,neutral,中性,0.39545454545454545,False
2020-09,香港,30,0.3,0.12833333333333333,0.175,0.04833333333333333,0.051666666666666666,0.2966666666666667,0.3261584129603705,0.12897696488623217,0.7033333333333334,joy,喜悦,0.3,True
2020-09,黑龙江,30,0.3783333333333333,0.075,0.20166666666666666,0.018333333333333333,0.018333333333333333,0.30833333333333335,0.35566434518627477,0.07483698759733502,0.6916666666666667,joy,喜悦,0.3783333333333333,True
2020-10,上海,30,0.17833333333333332,0.10666666666666667,0.10333333333333333,0.055,0.08833333333333333,0.4683333333333334,0.2759570597947708,0.11473357443855862,0.5316666666666667,neutral,中性,0.4683333333333334,True
2020-10,云南,30,0.21833333333333332,0.055,0.060000000000000005,0.043333333333333335,0.065,0.5583333333333333,0.2617854258651583,0.11870953636076803,0.44166666666666665,neutral,中性,0.5583333333333333,True
2020-10,内蒙古,30,0.235,0.04,0.03666666666666667,0.04,0.04666666666666667,0.6016666666666667,0.3280427852666741,0.1191926866536875,0.3983333333333333,neutral,中性,0.6016666666666667,True
2020-10,北京,32,0.29375,0.043750000000000004,0.0859375,0.0421875,0.08750000000000001,0.446875,0.31895747517144335,0.08899925244339904,0.553125,neutral,中性,0.446875,True
2020-10,台湾,25,0.45,0.055999999999999994,0.008,0.012000000000000002,0.106,0.368,0.3230711995830021,0.029860788111948196,0.6319999999999999,joy,喜悦,0.45,False
2020-10,吉林,30,0.165,0.06666666666666667,0.08333333333333333,0.030000000000000002,0.10833333333333334,0.5466666666666666,0.254663401916848,0.07834494900427698,0.45333333333333325,neutral,中性,0.5466666666666666,True
2020-10,四川,30,0.24833333333333335,0.10166666666666667,0.11833333333333333,0.04833333333333333,0.12666666666666665,0.3566666666666667,0.30013885675355884,0.09868386771466973,0.6433333333333333,neutral,中性,0.3566666666666667,True
2020-10,天津,30,0.215,0.05666666666666667,0.11333333333333333,0.058333333333333334,0.05666666666666667,0.5,0.2892171359448432,0.13963211105179787,0.5,neutral,中性,0.5,True
2020-10,宁夏,14,0.1285714285714286,0.09642857142857143,0.075,0.10714285714285714,0.04642857142857143,0.5464285714285714,0.3074174596627435,0.23685206585314195,0.4535714285714286,neutral,中性,0.5464285714285714,False
2020-10,安徽,30,0.20166666666666666,0.10333333333333333,0.14333333333333334,0.060000000000000005,0.10666666666666667,0.385,0.30891448803761246,0.09861104365655239,0.6150000000000001,neutral,中性,0.385,True
2020-10,山东,30,0.26666666666666666,0.058333333333333334,0.1,0.06333333333333334,0.07333333333333333,0.43833333333333335,0.304090881757109,0.10249754692887425,0.5616666666666668,neutral,中性,0.43833333333333335,True
2020-10,山西,30,0.2816666666666666,0.051666666666666666,0.08666666666666667,0.041666666666666664,0.04666666666666667,0.49166666666666664,0.33489147324256363,0.12937737726173937,0.5083333333333333,neutral,中性,0.49166666666666664,True
2020-10,广东,30,0.20833333333333334,0.105,0.13666666666666666,0.06666666666666667,0.10333333333333333,0.38,0.30288365051142396,0.13729739514150907,0.6200000000000001,neutral,中性,0.38,True
2020-10,广西,30,0.32166666666666666,0.075,0.11333333333333333,0.041666666666666664,0.09166666666666666,0.35666666666666663,0.2964396005624235,0.07437478870828677,0.6433333333333333,neutral,中性,0.35666666666666663,True
2020-10,新疆,30,0.19166666666666668,0.05333333333333334,0.06666666666666667,0.058333333333333334,0.03666666666666667,0.5933333333333334,0.32379307284589726,0.19031884921840003,0.40666666666666673,neutral,中性,0.5933333333333334,True
2020-10,江苏,30,0.27666666666666667,0.060000000000000005,0.09833333333333334,0.041666666666666664,0.095,0.42833333333333334,0.2955804731235709,0.12462587690926111,0.5716666666666665,neutral,中性,0.42833333333333334,True
2020-10,江西,30,0.22333333333333333,0.08666666666666667,0.07166666666666667,0.03833333333333333,0.07,0.51,0.29790455927491544,0.09067118819016376,0.49,neutral,中性,0.51,True
2020-10,河北,30,0.235,0.06833333333333333,0.1,0.041666666666666664,0.06333333333333334,0.49166666666666664,0.29129615218169647,0.10007181329471328,0.5083333333333333,neutral,中性,0.49166666666666664,True
2020-10,河南,30,0.20666666666666667,0.09666666666666666,0.11166666666666666,0.030000000000000002,0.06333333333333334,0.49166666666666664,0.29353180328582773,0.07022132498578064,0.5083333333333333,neutral,中性,0.49166666666666664,True
2020-10,浙江,30,0.26333333333333336,0.04,0.06166666666666666,0.03333333333333333,0.10666666666666667,0.495,0.2732099525290386,0.08129695813681377,0.5049999999999999,neutral,中性,0.495,True
2020-10,海南,30,0.36000000000000004,0.06666666666666667,0.08666666666666667,0.011666666666666667,0.04666666666666667,0.42833333333333334,0.31985988311694585,0.031303115778964635,0.5716666666666667,neutral,中性,0.42833333333333334,True
2020-10,湖北,30,0.2966666666666667,0.09833333333333334,0.16999999999999998,0.04666666666666667,0.11,0.2783333333333333,0.31456958369891036,0.11739509868560229,0.7216666666666667,joy,喜悦,0.2966666666666667,True
2020-10,湖南,30,0.315,0.065,0.08833333333333335,0.043333333333333335,0.06333333333333332,0.425,0.35065210187837764,0.12507469032909713,0.575,neutral,中性,0.425,True
2020-10,澳门,12,0.2916666666666667,0.0625,0.08333333333333333,0.020833333333333332,0.10416666666666667,0.4375,0.35280263174995874,0.03964807305493795,0.5625,neutral,中性,0.4375,False
2020-10,甘肃,30,0.265,0.045000000000000005,0.12000000000000001,0.03166666666666666,0.105,0.43333333333333335,0.3337741338297399,0.11179054717095542,0.5666666666666667,neutral,中性,0.43333333333333335,True
2020-10,福建,30,0.2833333333333333,0.04,0.08333333333333333,0.04,0.09333333333333332,0.46,0.335367357337914,0.10372377109252813,0.5399999999999999,neutral,中性,0.46,True
2020-10,西藏,15,0.18666666666666665,0.12666666666666668,0.13999999999999999,0.05333333333333334,0.060000000000000005,0.43333333333333335,0.2559761893688738,0.14074631010979935,0.5666666666666667,neutral,中性,0.43333333333333335,False
2020-10,贵州,30,0.25833333333333336,0.05333333333333334,0.06333333333333332,0.02666666666666667,0.07833333333333334,0.52,0.28949520076223684,0.0980265035707122,0.4800000000000001,neutral,中性,0.52,True
2020-10,辽宁,30,0.23333333333333334,0.13499999999999998,0.16333333333333336,0.025,0.043333333333333335,0.4,0.2814167768610297,0.09715788785484065,0.6,neutral,中性,0.4,True
2020-10,重庆,30,0.3233333333333333,0.07,0.11833333333333333,0.0033333333333333335,0.08833333333333333,0.39666666666666667,0.328720962617792,0.01825741858350554,0.6033333333333333,neutral,中性,0.39666666666666667,True
2020-10,陕西,30,0.31333333333333335,0.051666666666666666,0.013333333333333334,0.011666666666666667,0.04833333333333333,0.5616666666666668,0.3319049857116188,0.04086000770784384,0.43833333333333324,neutral,中性,0.5616666666666668,True
2020-10,青海,22,0.28363636363636363,0.09499999999999999,0.11954545454545454,0.014545454545454545,0.07590909090909091,0.4113636363636364,0.2960621790313883,0.03127866650538316,0.5886363636363636,neutral,中性,0.4113636363636364,False
2020-10,香港,30,0.19833333333333333,0.05,0.10666666666666666,0.058333333333333334,0.11833333333333333,0.4683333333333334,0.26538304565201637,0.14268565240520453,0.5316666666666667,neutral,中性,0.4683333333333334,True
2020-10,黑龙江,30,0.26999999999999996,0.07,0.09833333333333334,0.02666666666666667,0.10666666666666667,0.42833333333333334,0.2869578846907799,0.05683207771559355,0.5716666666666665,neutral,中性,0.42833333333333334,True
2020-11,上海,30,0.235,0.028333333333333335,0.08,0.021666666666666664,0.05,0.5850000000000001,0.28862038066971474,0.06908681861069539,0.4149999999999999,neutral,中性,0.5850000000000001,True
2020-11,云南,30,0.164,0.08833333333333333,0.105,0.030000000000000002,0.036000000000000004,0.5766666666666667,0.2402240333665567,0.08366600265340755,0.42333333333333334,neutral,中性,0.5766666666666667,True
2020-11,内蒙古,30,0.16,0.041666666666666664,0.08499999999999999,0.03166666666666666,0.06166666666666667,0.62,0.276180850293726,0.06757286403596482,0.3800000000000001,neutral,中性,0.62,True
2020-11,北京,30,0.11,0.09333333333333334,0.125,0.058333333333333334,0.043333333333333335,0.5700000000000001,0.22795946403117223,0.10992421631894098,0.42999999999999994,neutral,中性,0.5700000000000001,True
2020-11,台湾,30,0.3333333333333333,0.051666666666666666,0.043333333333333335,0.02,0.030000000000000002,0.5216666666666667,0.25908770094624173,0.07611243951073873,0.4783333333333333,neutral,中性,0.5216666666666667,True
2020-11,吉林,30,0.21333333333333335,0.045000000000000005,0.07,0.018333333333333333,0.021666666666666667,0.6316666666666666,0.2791407176136886,0.035919770114206905,0.3683333333333333,neutral,中性,0.6316666666666666,True
2020-11,四川,30,0.18833333333333335,0.10833333333333334,0.14,0.043333333333333335,0.04833333333333333,0.4716666666666667,0.26931693076262825,0.11502123741931863,0.5283333333333333,neutral,中性,0.4716666666666667,True
2020-11,天津,30,0.19,0.07166666666666667,0.056666666666666664,0.055,0.08,0.5466666666666666,0.2324531840148048,0.10451035256424815,0.45333333333333325,neutral,中性,0.5466666666666666,True
2020-11,宁夏,15,0.2733333333333333,0.04666666666666667,0.08666666666666667,0.07333333333333333,0.060000000000000005,0.46,0.26313132697969516,0.1486446705914413,0.54,neutral,中性,0.46,False
2020-11,安徽,30,0.16666666666666666,0.10266666666666667,0.06999999999999999,0.08066666666666666,0.035,0.545,0.2643578209005067,0.14205228113167576,0.45499999999999996,neutral,中性,0.545,True
2020-11,山东,30,0.19333333333333333,0.12833333333333333,0.1,0.04000000000000001,0.07666666666666667,0.46166666666666667,0.2702914561438593,0.09228890171255885,0.5383333333333333,neutral,中性,0.46166666666666667,True
2020-11,山西,30,0.20666666666666667,0.051666666666666666,0.05333333333333334,0.05,0.035,0.6033333333333334,0.30392073981871326,0.16504962681068025,0.3966666666666666,neutral,中性,0.6033333333333334,True
2020-11,广东,30,0.16333333333333336,0.10333333333333333,0.115,0.065,0.075,0.47833333333333333,0.23814416574453576,0.11828516098963905,0.5216666666666667,neutral,中性,0.47833333333333333,True
2020-11,广西,30,0.3,0.06666666666666667,0.056666666666666664,0.0033333333333333335,0.065,0.5083333333333333,0.3469075202214661,0.01825741858350554,0.4916666666666667,neutral,中性,0.5083333333333333,True
2020-11,新疆,30,0.17833333333333332,0.1,0.13166666666666665,0.07833333333333334,0.056666666666666664,0.455,0.2884809601478338,0.1822670139323517,0.545,neutral,中性,0.455,True
2020-11,江苏,30,0.22666666666666666,0.075,0.10833333333333334,0.025000000000000005,0.07,0.495,0.3078662196399636,0.07740400060943123,0.5049999999999999,neutral,中性,0.495,True
2020-11,江西,30,0.22166666666666665,0.065,0.06666666666666667,0.026666666666666665,0.051666666666666666,0.5683333333333334,0.2833553067882397,0.11121068335350712,0.43166666666666675,neutral,中性,0.5683333333333334,True
2020-11,河北,30,0.23333333333333334,0.04666666666666666,0.11666666666666667,0.055,0.06333333333333334,0.48500000000000004,0.3122038826917694,0.10695632366725118,0.5149999999999999,neutral,中性,0.48500000000000004,True
2020-11,河南,30,0.14166666666666666,0.09333333333333332,0.115,0.021666666666666667,0.06166666666666667,0.5666666666666667,0.26460228233349,0.06908681861069539,0.43333333333333324,neutral,中性,0.5666666666666667,True
2020-11,浙江,30,0.245,0.1,0.09833333333333334,0.028333333333333335,0.06666666666666667,0.46166666666666667,0.29429928468400535,0.06782753653674649,0.5383333333333333,neutral,中性,0.46166666666666667,True
2020-11,海南,30,0.285,0.05,0.06666666666666667,0.056666666666666664,0.08833333333333335,0.4533333333333333,0.31817095816665864,0.13501809159320563,0.5466666666666666,neutral,中性,0.4533333333333333,True
2020-11,湖北,30,0.35,0.08,0.11,0.013333333333333332,0.06166666666666667,0.385,0.3087795776702321,0.057134646372336576,0.615,neutral,中性,0.385,True
2020-11,湖南,30,0.29333333333333333,0.06166666666666666,0.04,0.005,0.07333333333333333,0.5266666666666667,0.2588879844754235,0.027386127875258303,0.4733333333333333,neutral,中性,0.5266666666666667,True
2020-11,澳门,5,0.44000000000000006,0.05,0.13999999999999999,0.0,0.12999999999999998,0.24,0.3646916505762094,0.0,0.76,joy,喜悦,0.44000000000000006,False
2020-11,甘肃,30,0.18833333333333335,0.043333333333333335,0.058333333333333334,0.03333333333333333,0.03833333333333334,0.6383333333333333,0.22425483246756905,0.12954385047312086,0.3616666666666667,neutral,中性,0.6383333333333333,True
2020-11,福建,30,0.28500000000000003,0.06166666666666667,0.16666666666666666,0.03666666666666667,0.025,0.425,0.28981266243962645,0.07535357270587925,0.5750000000000002,neutral,中性,0.425,True
2020-11,西藏,11,0.2,0.1318181818181818,0.14545454545454548,0.03636363636363637,0.10454545454545454,0.38181818181818183,0.32557641192199416,0.06741998624632421,0.6181818181818182,neutral,中性,0.38181818181818183,False
2020-11,贵州,30,0.33166666666666667,0.03166666666666667,0.08333333333333333,0.010000000000000002,0.08333333333333333,0.46,0.31554095131063886,0.04025778999364488,0.54,neutral,中性,0.46,True
2020-11,辽宁,30,0.28500000000000003,0.09333333333333332,0.09000000000000001,0.04833333333333333,0.043333333333333335,0.44,0.2838011688634771,0.10706373652250757,0.56,neutral,中性,0.44,True
2020-11,重庆,30,0.2833333333333333,0.06166666666666667,0.06333333333333332,0.05333333333333333,0.06166666666666667,0.4766666666666667,0.29429440260103296,0.14076964145021817,0.5233333333333334,neutral,中性,0.4766666666666667,True
2020-11,陕西,30,0.12000000000000001,0.10833333333333334,0.09833333333333334,0.06333333333333332,0.04833333333333333,0.5616666666666668,0.2614943791840039,0.16078113916950482,0.43833333333333324,neutral,中性,0.5616666666666668,True
2020-11,青海,8,0.1875,0.08125,0.225,0.03125,0.043750000000000004,0.43125,0.3044315545875155,0.04580626906564522,0.56875,neutral,中性,0.43125,False
2020-11,香港,30,0.22333333333333333,0.07333333333333333,0.10666666666666667,0.058333333333333334,0.03333333333333333,0.505,0.3430927624974927,0.11750519675473005,0.4949999999999999,neutral,中性,0.505,True
2020-11,黑龙江,30,0.13,0.06333333333333334,0.07333333333333333,0.020000000000000004,0.02666666666666667,0.6866666666666668,0.2155986053310402,0.04842341981115024,0.31333333333333324,neutral,中性,0.6866666666666668,True
2020-12,上海,30,0.15666666666666668,0.125,0.24666666666666667,0.025,0.08333333333333333,0.36333333333333334,0.2524819328918044,0.0553203834728774,0.6366666666666666,neutral,中性,0.36333333333333334,True
2020-12,云南,30,0.14,0.05333333333333334,0.07166666666666667,0.03166666666666667,0.03333333333333333,0.67,0.2717757696438688,0.06497125801318682,0.33000000000000007,neutral,中性,0.67,True
2020-12,内蒙古,30,0.35,0.10333333333333333,0.05333333333333334,0.03833333333333334,0.060000000000000005,0.39499999999999996,0.30794088102571987,0.12365366911279856,0.6050000000000001,neutral,中性,0.39499999999999996,True
2020-12,北京,30,0.15499999999999997,0.14833333333333334,0.14666666666666667,0.06166666666666667,0.08,0.4083333333333333,0.2685690048103608,0.11423156557936447,0.5916666666666667,neutral,中性,0.4083333333333333,True
2020-12,台湾,29,0.3775862068965517,0.0903448275862069,0.04310344827586207,0.03620689655172414,0.06999999999999999,0.38275862068965516,0.32584675596725565,0.10929690209645364,0.6172413793103448,neutral,中性,0.38275862068965516,False
2020-12,吉林,30,0.22,0.155,0.13499999999999998,0.07166666666666667,0.05666666666666667,0.36166666666666664,0.2854518499163907,0.15957018417662153,0.6383333333333334,neutral,中性,0.36166666666666664,True
2020-12,四川,30,0.23666666666666666,0.07166666666666667,0.07166666666666667,0.045000000000000005,0.05666666666666667,0.5183333333333333,0.27384029240987606,0.12481020073253848,0.4816666666666667,neutral,中性,0.5183333333333333,True
2020-12,天津,30,0.23166666666666666,0.07,0.06833333333333333,0.006666666666666667,0.023333333333333334,0.6,0.2984105403210695,0.03651483716701108,0.4,neutral,中性,0.6,True
2020-12,宁夏,18,0.20555555555555555,0.06666666666666668,0.008333333333333335,0.04722222222222222,0.058333333333333334,0.6138888888888889,0.27326397972359817,0.13336396706913867,0.3861111111111112,neutral,中性,0.6138888888888889,False
2020-12,安徽,30,0.2733333333333333,0.07066666666666667,0.011666666666666667,0.02766666666666667,0.08833333333333333,0.5283333333333333,0.2952886762116871,0.0651091038357836,0.4716666666666667,neutral,中性,0.5283333333333333,True
2020-12,山东,30,0.3,0.15,0.060000000000000005,0.051666666666666666,0.060000000000000005,0.3783333333333333,0.3073804785940214,0.15227206444123426,0.6216666666666667,neutral,中性,0.3783333333333333,True
2020-12,山西,30,0.2833333333333333,0.08166666666666668,0.06166666666666667,0.030000000000000002,0.05,0.49333333333333335,0.28294429003669225,0.07611243951073872,0.5066666666666666,neutral,中性,0.49333333333333335,True
2020-12,广东,31,0.28225806451612906,0.07741935483870968,0.08064516129032258,0.056451612903225805,0.07419354838709677,0.42903225806451617,0.26537658371227046,0.1706565437186002,0.5709677419354838,neutral,中性,0.42903225806451617,True
2020-12,广西,30,0.26333333333333336,0.1,0.060000000000000005,0.03166666666666666,0.09166666666666666,0.4533333333333333,0.3145695836989103,0.11408053215203703,0.5466666666666666,neutral,中性,0.4533333333333333,True
2020-12,新疆,30,0.20666666666666667,0.11000000000000001,0.145,0.05333333333333334,0.10666666666666667,0.3783333333333333,0.3016430104397025,0.12172137016162357,0.6216666666666667,neutral,中性,0.3783333333333333,True
2020-12,江苏,30,0.31333333333333335,0.07266666666666667,0.11833333333333333,0.011666666666666667,0.06566666666666666,0.41833333333333333,0.3202728721632198,0.040860007707843836,0.5816666666666666,neutral,中性,0.41833333333333333,True
2020-12,江西,30,0.22833333333333333,0.06833333333333333,0.11,0.03833333333333333,0.03333333333333333,0.5216666666666667,0.2887796359872342,0.11573105962065473,0.4783333333333333,neutral,中性,0.5216666666666667,True
2020-12,河北,30,0.16,0.14666666666666667,0.05333333333333334,0.043333333333333335,0.035,0.5616666666666668,0.2736723437326796,0.1135123670410602,0.43833333333333324,neutral,中性,0.5616666666666668,True
2020-12,河南,30,0.2816666666666666,0.06666666666666667,0.055,0.016666666666666666,0.08,0.5,0.3307471514025775,0.04011477785428769,0.4999999999999999,neutral,中性,0.5,True
2020-12,浙江,30,0.19333333333333333,0.09833333333333334,0.10833333333333334,0.05333333333333334,0.095,0.4516666666666667,0.28759805923921133,0.11058881072455416,0.5483333333333335,neutral,中性,0.4516666666666667,True
2020-12,海南,22,0.2568181818181818,0.09090909090909091,0.12727272727272726,0.024999999999999998,0.06136363636363637,0.43863636363636366,0.2863129550423945,0.06857390868530795,0.5613636363636363,neutral,中性,0.43863636363636366,False
2020-12,湖北,30,0.25833333333333336,0.10833333333333334,0.075,0.045000000000000005,0.06333333333333334,0.45,0.28650189062785136,0.09856732339563305,0.55,neutral,中性,0.45,True
2020-12,湖南,30,0.29333333333333333,0.058333333333333334,0.075,0.025,0.085,0.4633333333333333,0.306181525302853,0.07040523099688076,0.5366666666666666,neutral,中性,0.4633333333333333,True
2020-12,澳门,13,0.27692307692307694,0.06153846153846154,0.05384615384615384,0.05,0.038461538461538464,0.5192307692307693,0.339494344954979,0.09574271077563382,0.48076923076923084,neutral,中性,0.5192307692307693,False
2020-12,甘肃,30,0.2,0.06666666666666667,0.1,0.04,0.05333333333333334,0.5399999999999999,0.3002872188307445,0.09684683962230045,0.4600000000000001,neutral,中性,0.5399999999999999,True
2020-12,福建,30,0.18000000000000002,0.07333333333333333,0.08666666666666666,0.02666666666666667,0.045000000000000005,0.5883333333333333,0.27373533656208626,0.0980265035707122,0.41166666666666674,neutral,中性,0.5883333333333333,True
2020-12,西藏,7,0.31428571428571433,0.021428571428571432,0.0071428571428571435,0.0,0.05714285714285715,0.6,0.29680841985233186,0.0,0.4,neutral,中性,0.6,False
2020-12,贵州,30,0.12933333333333333,0.07533333333333332,0.12666666666666665,0.05500000000000001,0.052000000000000005,0.5616666666666668,0.21668240437981137,0.13604639168186405,0.43833333333333335,neutral,中性,0.5616666666666668,True
2020-12,辽宁,30,0.095,0.11833333333333333,0.12666666666666665,0.03166666666666666,0.05,0.5783333333333334,0.1733791937563046,0.06363057892800161,0.42166666666666675,neutral,中性,0.5783333333333334,True
2020-12,重庆,30,0.16833333333333333,0.12333333333333334,0.13333333333333333,0.065,0.05,0.46,0.2520547741968049,0.12187472369553116,0.54,neutral,中性,0.46,True
2020-12,陕西,30,0.24666666666666667,0.13166666666666668,0.060000000000000005,0.030000000000000002,0.08833333333333333,0.44333333333333336,0.2592872635851427,0.07022132498578064,0.5566666666666666,neutral,中性,0.44333333333333336,True
2020-12,青海,7,0.41428571428571426,0.03571428571428571,0.0,0.0,0.07857142857142858,0.4714285714285714,0.3132015933791495,0.0,0.5285714285714286,neutral,中性,0.4714285714285714,False
2020-12,香港,30,0.2866666666666667,0.06666666666666667,0.03833333333333333,0.02333333333333333,0.04833333333333334,0.5366666666666666,0.31919438822019475,0.06660917060882383,0.46333333333333326,neutral,中性,0.5366666666666666,True
2020-12,黑龙江,30,0.145,0.095,0.12000000000000001,0.056666666666666664,0.04833333333333333,0.535,0.25063711919275117,0.15013403972802927,0.4650000000000001,neutral,中性,0.535,True
